"","gene_ref","gene_id","gene_name","condition_1","condition_2","gene_switch_q_value","switchConsequencesGene","Rank"
"1","geneComp_00016173","Klf3","Klf3","sgC9","sgNTC",4.52518245127994e-132,TRUE,1
"3","geneComp_00014698","Grb2","Grb2","sgC9","sgNTC",4.55889658624503e-78,TRUE,2
"4","geneComp_00001898","Anpep","Anpep","sgC9","sgNTC",2.94712918527497e-65,TRUE,3
"5","geneComp_00021485","Rps24","Rps24","sgC9","sgNTC",6.17741480444377e-50,FALSE,4
"7","geneComp_00016972","Mars1","Mars1","sgC9","sgNTC",1.32322554325352e-46,TRUE,5
"8","geneComp_00006927","Eya3","Eya3","sgC9","sgNTC",1.65973967478828e-46,TRUE,6
"10","geneComp_00020945","Repin1","Repin1","sgC9","sgNTC",2.14277885344927e-45,FALSE,7
"13","geneComp_00016995","Mavs","Mavs","sgC9","sgNTC",4.65188687379929e-43,FALSE,8
"15","geneComp_00002271","Atad2","Atad2","sgC9","sgNTC",8.80521443847697e-42,TRUE,9
"17","geneComp_00019276","Pcyt1a","Pcyt1a","sgC9","sgNTC",7.05773172851154e-38,FALSE,10
"19","geneComp_00002182","Arpc2","Arpc2","sgC9","sgNTC",4.89918652747048e-37,TRUE,11
"21","geneComp_00023616","Tcf25","Tcf25","sgC9","sgNTC",2.31101102588487e-36,FALSE,12
"24","geneComp_00024907","Ubtf","Ubtf","sgC9","sgNTC",1.15330214387383e-34,FALSE,13
"25","geneComp_00023608","Tceanc2","Tceanc2","sgC9","sgNTC",1.77809723881773e-34,TRUE,14
"27","geneComp_00019460","Pgpep1","Pgpep1","sgC9","sgNTC",3.85712683295098e-34,TRUE,15
"29","geneComp_00020876","Rbpj","Rbpj","sgC9","sgNTC",5.82396854952139e-34,FALSE,16
"31","geneComp_00021316","Rpl22l1","Rpl22l1","sgC9","sgNTC",6.46984131387492e-34,TRUE,17
"33","geneComp_00017528","Mrpl13","Mrpl13","sgC9","sgNTC",2.78702404005916e-33,TRUE,18
"35","geneComp_00022753","Snhg5","Snhg5","sgC9","sgNTC",1.60746222261339e-30,TRUE,19
"38","geneComp_00015098","Helq","Helq","sgC9","sgNTC",2.49080235782437e-29,TRUE,20
"40","geneComp_00021039","Rhod","Rhod","sgC9","sgNTC",1.04350216911585e-27,TRUE,21
"42","geneComp_00018023","Ndst2","Ndst2","sgC9","sgNTC",1.76757190753573e-26,FALSE,22
"43","geneComp_00016350","Lancl1","Lancl1","sgC9","sgNTC",1.9125777372701e-26,TRUE,23
"45","geneComp_00024791","Txndc9","Txndc9","sgC9","sgNTC",7.72027016245212e-26,TRUE,24
"47","geneComp_00018011","Ndel1","Ndel1","sgC9","sgNTC",8.1911966674662e-26,TRUE,25
"49","geneComp_00022215","Sirpa","Sirpa","sgC9","sgNTC",1.5155002447188e-25,TRUE,26
"51","geneComp_00022978","Spg20","Spg20","sgC9","sgNTC",3.37857406554207e-25,FALSE,27
"53","geneComp_00015236","Hnrnpdl","Hnrnpdl","sgC9","sgNTC",6.26429902549587e-25,TRUE,28
"55","geneComp_00023118","Srsf3","Srsf3","sgC9","sgNTC",8.93981976023048e-25,TRUE,29
"57","geneComp_00002340","Atp2b1","Atp2b1","sgC9","sgNTC",1.94220319813198e-24,TRUE,30
"59","geneComp_00001508","Adipor1","Adipor1","sgC9","sgNTC",2.17527574740081e-23,FALSE,31
"61","geneComp_00025497","Wipi1","Wipi1","sgC9","sgNTC",3.72957721280405e-23,FALSE,32
"63","geneComp_00007864","Glud1","Glud1","sgC9","sgNTC",1.05361308869522e-22,TRUE,33
"65","geneComp_00024983","Ung","Ung","sgC9","sgNTC",1.56122784502812e-22,TRUE,34
"66","geneComp_00026158","Zfx","Zfx","sgC9","sgNTC",2.15854894976534e-22,FALSE,35
"67","geneComp_00019328","Pdhx","Pdhx","sgC9","sgNTC",4.14427800356899e-22,TRUE,36
"69","geneComp_00021417","Rpp21","Rpp21","sgC9","sgNTC",1.12344870075681e-21,TRUE,37
"71","geneComp_00019073","Pak4","Pak4","sgC9","sgNTC",1.30356509418547e-21,TRUE,38
"73","geneComp_00015744","Ipo9","Ipo9","sgC9","sgNTC",4.43994643473357e-21,TRUE,39
"75","geneComp_00001927","Ap1g1","Ap1g1","sgC9","sgNTC",9.48600876190509e-21,TRUE,40
"77","geneComp_00022699","Smox","Smox","sgC9","sgNTC",2.02349430112575e-20,TRUE,41
"79","geneComp_00019862","Pnpla6","Pnpla6","sgC9","sgNTC",3.1012228388908e-20,TRUE,42
"81","geneComp_00022201","Sik1","Sik1","sgC9","sgNTC",3.1012228388908e-20,TRUE,43
"83","geneComp_00020821","Rbfox2","Rbfox2","sgC9","sgNTC",4.04880829959369e-20,TRUE,44
"85","geneComp_00018366","Npnt","Npnt","sgC9","sgNTC",6.06195036155247e-20,FALSE,45
"87","geneComp_00004835","Dclk1","Dclk1","sgC9","sgNTC",1.67257021391087e-19,TRUE,46
"89","geneComp_00024465","Trim26","Trim26","sgC9","sgNTC",2.11835307514811e-19,TRUE,47
"90","geneComp_00024837","Ubb-ps","Ubb-ps","sgC9","sgNTC",2.83127452107138e-19,TRUE,48
"92","geneComp_00020240","Prmt6","Prmt6","sgC9","sgNTC",4.46582040019622e-19,TRUE,49
"93","geneComp_00023212","Steap2","Steap2","sgC9","sgNTC",4.94999525129098e-19,TRUE,50
"95","geneComp_00017142","Men1","Men1","sgC9","sgNTC",6.22958367129602e-19,TRUE,51
"97","geneComp_00002386","Atp6v1h","Atp6v1h","sgC9","sgNTC",6.59242012278437e-19,TRUE,52
"99","geneComp_00017710","Mtmr10","Mtmr10","sgC9","sgNTC",1.05414240029882e-18,TRUE,53
"101","geneComp_00002215","Asap1","Asap1","sgC9","sgNTC",1.65285795781911e-18,FALSE,54
"102","geneComp_00019643","Pkdcc","Pkdcc","sgC9","sgNTC",3.80035551242832e-18,TRUE,55
"104","geneComp_00016077","Kdm2b","Kdm2b","sgC9","sgNTC",4.15172255041239e-18,TRUE,56
"106","geneComp_00021076","Rin2","Rin2","sgC9","sgNTC",5.77553181287337e-18,FALSE,57
"108","geneComp_00015481","Ifi203","Ifi203","sgC9","sgNTC",9.73261914968038e-18,TRUE,58
"110","geneComp_00021378","Rpl38","Rpl38","sgC9","sgNTC",1.39241096349353e-17,FALSE,59
"112","geneComp_00014891","H2-Ke6","H2-Ke6","sgC9","sgNTC",2.25545893558633e-17,TRUE,60
"113","geneComp_00018636","Ogfod2","Ogfod2","sgC9","sgNTC",2.6621174235489e-17,TRUE,61
"114","geneComp_00016036","Kcnn4","Kcnn4","sgC9","sgNTC",2.87579192774506e-17,FALSE,62
"116","geneComp_00022886","Sox5","Sox5","sgC9","sgNTC",3.0318645464995e-17,TRUE,63
"117","geneComp_00025760","Zfp101","Zfp101","sgC9","sgNTC",4.54916742006992e-17,TRUE,64
"118","geneComp_00002148","Arl6","Arl6","sgC9","sgNTC",4.72798623180044e-17,FALSE,65
"120","geneComp_00004793","Dapk3","Dapk3","sgC9","sgNTC",5.72739270553399e-17,TRUE,66
"121","geneComp_00005718","Emp3","Emp3","sgC9","sgNTC",6.0766704679184e-17,FALSE,67
"123","geneComp_00025135","Vcan","Vcan","sgC9","sgNTC",6.36148241459587e-17,TRUE,68
"125","geneComp_00017788","Myef2","Myef2","sgC9","sgNTC",6.44458727362754e-17,FALSE,69
"129","geneComp_00004449","Csde1","Csde1","sgC9","sgNTC",8.09495165142557e-17,FALSE,70
"131","geneComp_00021966","Septin8","Septin8","sgC9","sgNTC",8.09495165142557e-17,TRUE,71
"133","geneComp_00022068","Sfpq","Sfpq","sgC9","sgNTC",1.14494293715505e-16,TRUE,72
"135","geneComp_00005040","Dis3l","Dis3l","sgC9","sgNTC",1.75331744829735e-16,FALSE,73
"136","geneComp_00006733","Epb41l2","Epb41l2","sgC9","sgNTC",1.81240248411608e-16,FALSE,74
"137","geneComp_00019825","Plxnd1","Plxnd1","sgC9","sgNTC",2.04720323724645e-16,TRUE,75
"138","geneComp_00004245","Comt","Comt","sgC9","sgNTC",2.10708830505563e-16,FALSE,76
"140","geneComp_00002347","Atp5c1","Atp5c1","sgC9","sgNTC",2.29661158186793e-16,FALSE,77
"142","geneComp_00025525","Wsb1","Wsb1","sgC9","sgNTC",3.48347428993328e-16,TRUE,78
"144","geneComp_00000034","1110038B12Rik","1110038B12Rik","sgC9","sgNTC",4.46477090631468e-16,TRUE,79
"146","geneComp_00017541","Mrpl24","Mrpl24","sgC9","sgNTC",5.23197223040594e-16,TRUE,80
"148","geneComp_00025612","Ypel3","Ypel3","sgC9","sgNTC",1.27331523734135e-15,TRUE,81
"149","geneComp_00019766","Plekhj1","Plekhj1","sgC9","sgNTC",1.43729034407619e-15,TRUE,82
"151","geneComp_00015326","Hras","Hras","sgC9","sgNTC",3.85324559054014e-15,FALSE,83
"153","geneComp_00002134","Arl13b","Arl13b","sgC9","sgNTC",4.06394927851556e-15,TRUE,84
"155","geneComp_00025818","Zfp280b","Zfp280b","sgC9","sgNTC",4.901394479342e-15,TRUE,85
"157","geneComp_00016095","Kdsr","Kdsr","sgC9","sgNTC",7.01454795097042e-15,TRUE,86
"159","geneComp_00022498","Slc44a1","Slc44a1","sgC9","sgNTC",1.27770639209848e-14,TRUE,87
"161","geneComp_00001941","Ap3d1","Ap3d1","sgC9","sgNTC",1.69878774567842e-14,TRUE,88
"163","geneComp_00015270","Hoxa3","Hoxa3","sgC9","sgNTC",2.74454570074666e-14,TRUE,89
"165","geneComp_00017123","Mef2d","Mef2d","sgC9","sgNTC",3.04146463042553e-14,TRUE,90
"167","geneComp_00017807","Myl6","Myl6","sgC9","sgNTC",4.69474558404222e-14,FALSE,91
"169","geneComp_00017631","Msl1","Msl1","sgC9","sgNTC",6.05396862948038e-14,TRUE,92
"170","geneComp_00021489","Rps26","Rps26","sgC9","sgNTC",1.04079069710737e-13,TRUE,93
"172","geneComp_00001503","Adh7","Adh7","sgC9","sgNTC",1.05810759487912e-13,TRUE,94
"174","geneComp_00015066","Hdac7","Hdac7","sgC9","sgNTC",1.31134854725052e-13,FALSE,95
"176","geneComp_00002315","Atosa","Atosa","sgC9","sgNTC",1.98620175480732e-13,TRUE,96
"177","geneComp_00024868","Ube2q2","Ube2q2","sgC9","sgNTC",2.28283678352561e-13,TRUE,97
"178","geneComp_00022636","Smarcb1","Smarcb1","sgC9","sgNTC",2.77212416107456e-13,FALSE,98
"180","geneComp_00023114","Srsf1","Srsf1","sgC9","sgNTC",3.039782678929e-13,TRUE,99
"184","geneComp_00023311","Suds3","Suds3","sgC9","sgNTC",3.0888290937776e-13,TRUE,100
"186","geneComp_00020852","Rbm41","Rbm41","sgC9","sgNTC",3.10974745905948e-13,TRUE,101
"187","geneComp_00003339","Ccdc58","Ccdc58","sgC9","sgNTC",3.62117357244661e-13,TRUE,102
"188","geneComp_00021949","Senp6","Senp6","sgC9","sgNTC",4.6652757740367e-13,TRUE,103
"190","geneComp_00022817","Snx12","Snx12","sgC9","sgNTC",5.10554491593679e-13,TRUE,104
"193","geneComp_00025798","Zfp219","Zfp219","sgC9","sgNTC",5.50834708116471e-13,FALSE,105
"195","geneComp_00021960","Septin2","Septin2","sgC9","sgNTC",6.23837140760157e-13,TRUE,106
"196","geneComp_00001878","Ankrd9","Ankrd9","sgC9","sgNTC",9.96483146204583e-13,FALSE,107
"198","geneComp_00024461","Trim21","Trim21","sgC9","sgNTC",1.04573203963464e-12,TRUE,108
"199","geneComp_00022703","Smpd4","Smpd4","sgC9","sgNTC",1.07937790518915e-12,FALSE,109
"200","geneComp_00018079","Neat1","Neat1","sgC9","sgNTC",1.38658063606088e-12,TRUE,110
"202","geneComp_00017888","Naa80","Naa80","sgC9","sgNTC",1.53336084780469e-12,TRUE,111
"204","geneComp_00021271","Rpl12","Rpl12","sgC9","sgNTC",1.54996876574122e-12,TRUE,112
"206","geneComp_00015365","Hsf4","Hsf4","sgC9","sgNTC",1.59350916745856e-12,TRUE,113
"208","geneComp_00015724","Ints3","Ints3","sgC9","sgNTC",2.48586905943876e-12,TRUE,114
"210","geneComp_00008168","Gm11520","Gm11520","sgC9","sgNTC",4.58709221390443e-12,TRUE,115
"212","geneComp_00025685","Zc3h12a","Zc3h12a","sgC9","sgNTC",5.42132892412392e-12,TRUE,116
"214","geneComp_00025450","Wdr62","Wdr62","sgC9","sgNTC",5.64874091384803e-12,TRUE,117
"216","geneComp_00022818","Snx13","Snx13","sgC9","sgNTC",5.72091310514122e-12,TRUE,118
"218","geneComp_00021587","Rsph3b","Rsph3b","sgC9","sgNTC",6.50514167989626e-12,TRUE,119
"221","geneComp_00016930","Mapk12","Mapk12","sgC9","sgNTC",6.95307782811163e-12,TRUE,120
"223","geneComp_00004986","Dguok","Dguok","sgC9","sgNTC",8.16503549573397e-12,TRUE,121
"225","geneComp_00005664","Elk4","Elk4","sgC9","sgNTC",8.49610781701708e-12,TRUE,122
"226","geneComp_00024615","Tslp","Tslp","sgC9","sgNTC",1.12508555164567e-11,TRUE,123
"228","geneComp_00023902","Tln2","Tln2","sgC9","sgNTC",1.15281459197036e-11,FALSE,124
"230","geneComp_00007350","Fkbpl","Fkbpl","sgC9","sgNTC",1.18505419681847e-11,TRUE,125
"232","geneComp_00022367","Slc25a37","Slc25a37","sgC9","sgNTC",1.51476761738942e-11,TRUE,126
"234","geneComp_00004935","Dennd10","Dennd10","sgC9","sgNTC",2.02714882767962e-11,TRUE,127
"235","geneComp_00026223","Zranb2","Zranb2","sgC9","sgNTC",2.67934262917254e-11,FALSE,128
"236","geneComp_00015440","Iars","Iars","sgC9","sgNTC",3.94069102066279e-11,FALSE,129
"237","geneComp_00017588","Mrps23","Mrps23","sgC9","sgNTC",4.24441772148043e-11,TRUE,130
"239","geneComp_00021516","Rps6ka5","Rps6ka5","sgC9","sgNTC",4.7141675158993e-11,FALSE,131
"241","geneComp_00016814","Madd","Madd","sgC9","sgNTC",5.03620549748913e-11,FALSE,132
"243","geneComp_00019314","Pde7a","Pde7a","sgC9","sgNTC",5.06921749912328e-11,TRUE,133
"245","geneComp_00025731","Zdhhc24","Zdhhc24","sgC9","sgNTC",5.06921749912328e-11,TRUE,134
"246","geneComp_00001095","A530040E14Rik","A530040E14Rik","sgC9","sgNTC",8.24457419628452e-11,TRUE,135
"247","geneComp_00021719","Sap130","Sap130","sgC9","sgNTC",8.63495363329167e-11,FALSE,136
"249","geneComp_00016803","Maco1","Maco1","sgC9","sgNTC",1.199558450196e-10,TRUE,137
"251","geneComp_00018614","Ocrl","Ocrl","sgC9","sgNTC",1.44197522745764e-10,TRUE,138
"253","geneComp_00016314","Ktn1","Ktn1","sgC9","sgNTC",2.17163807899238e-10,FALSE,139
"254","geneComp_00007267","Fetub","Fetub","sgC9","sgNTC",2.51743853503858e-10,TRUE,140
"256","geneComp_00005202","Dnttip1","Dnttip1","sgC9","sgNTC",2.61808866681937e-10,TRUE,141
"258","geneComp_00022577","Slc9a8","Slc9a8","sgC9","sgNTC",2.72751607674271e-10,TRUE,142
"260","geneComp_00004607","Cyb5r1","Cyb5r1","sgC9","sgNTC",2.79654454126108e-10,TRUE,143
"262","geneComp_00021712","Samhd1","Samhd1","sgC9","sgNTC",3.1607095395615e-10,FALSE,144
"264","geneComp_00001277","Abtb1","Abtb1","sgC9","sgNTC",3.7372869432893e-10,TRUE,145
"266","geneComp_00024901","Ubr3","Ubr3","sgC9","sgNTC",3.98023970816997e-10,FALSE,146
"268","geneComp_00026156","Zfr2","Zfr2","sgC9","sgNTC",4.16431185791712e-10,FALSE,147
"269","geneComp_00007751","Gfpt1","Gfpt1","sgC9","sgNTC",4.75721617916082e-10,FALSE,148
"270","geneComp_00005603","Eif2s2","Eif2s2","sgC9","sgNTC",5.5203527208039e-10,TRUE,149
"272","geneComp_00002103","Arhgef18","Arhgef18","sgC9","sgNTC",5.54234304818923e-10,TRUE,150
"273","geneComp_00020887","Rcan3","Rcan3","sgC9","sgNTC",6.14075364928509e-10,TRUE,151
"275","geneComp_00003135","Capn5","Capn5","sgC9","sgNTC",7.76136967144949e-10,FALSE,152
"277","geneComp_00004234","Commd10","Commd10","sgC9","sgNTC",7.85490570568222e-10,TRUE,153
"279","geneComp_00021656","Rxylt1","Rxylt1","sgC9","sgNTC",1.01411510798637e-09,TRUE,154
"281","geneComp_00002734","Bet1","Bet1","sgC9","sgNTC",1.02595918593273e-09,TRUE,155
"282","geneComp_00000469","3300005D01Rik","3300005D01Rik","sgC9","sgNTC",1.0423823984954e-09,TRUE,156
"284","geneComp_00007431","Foxj2","Foxj2","sgC9","sgNTC",1.08299087950054e-09,TRUE,157
"285","geneComp_00024717","Ttll3","Ttll3","sgC9","sgNTC",1.18613248044793e-09,FALSE,158
"286","geneComp_00003714","Cenpo","Cenpo","sgC9","sgNTC",1.37475914191451e-09,FALSE,159
"287","geneComp_00018166","Nfkbid","Nfkbid","sgC9","sgNTC",1.5951199428673e-09,FALSE,160
"288","geneComp_00024071","Tmem208","Tmem208","sgC9","sgNTC",1.72454888781305e-09,TRUE,161
"289","geneComp_00005288","Dscc1","Dscc1","sgC9","sgNTC",1.8962643925148e-09,TRUE,162
"291","geneComp_00009195","Gm15441","Gm15441","sgC9","sgNTC",2.90771837549192e-09,TRUE,163
"292","geneComp_00023761","Tfpt","Tfpt","sgC9","sgNTC",3.30642654705424e-09,FALSE,164
"294","geneComp_00026231","Zscan20","Zscan20","sgC9","sgNTC",4.62635487317789e-09,TRUE,165
"295","geneComp_00005289","Dse","Dse","sgC9","sgNTC",5.58068589925494e-09,TRUE,166
"296","geneComp_00025057","Usp31","Usp31","sgC9","sgNTC",5.87221715418957e-09,TRUE,167
"298","geneComp_00001691","Alcam","Alcam","sgC9","sgNTC",5.99642391164181e-09,FALSE,168
"299","geneComp_00024377","Tra2a","Tra2a","sgC9","sgNTC",6.10546969030525e-09,TRUE,169
"301","geneComp_00020946","Reps1","Reps1","sgC9","sgNTC",6.18611761373945e-09,FALSE,170
"302","geneComp_00025662","Zbtb4","Zbtb4","sgC9","sgNTC",9.91834728895804e-09,TRUE,171
"303","geneComp_00023745","Tfap4","Tfap4","sgC9","sgNTC",1.01821262456062e-08,TRUE,172
"304","geneComp_00000803","4933431E20Rik","4933431E20Rik","sgC9","sgNTC",1.0241249955709e-08,FALSE,173
"305","geneComp_00019791","Plod2","Plod2","sgC9","sgNTC",1.03641201363099e-08,FALSE,174
"307","geneComp_00017789","Myg1","Myg1","sgC9","sgNTC",1.12332861130835e-08,TRUE,175
"309","geneComp_00012345","Gm46430","Gm46430","sgC9","sgNTC",1.58624158215426e-08,TRUE,176
"310","geneComp_00021415","Rpn2","Rpn2","sgC9","sgNTC",1.79137747497987e-08,TRUE,177
"312","geneComp_00006841","Espl1","Espl1","sgC9","sgNTC",1.83756091481311e-08,FALSE,178
"313","geneComp_00005640","Eif4h","Eif4h","sgC9","sgNTC",1.84926764369085e-08,FALSE,179
"315","geneComp_00007397","Fndc3a","Fndc3a","sgC9","sgNTC",1.9419929874767e-08,FALSE,180
"317","geneComp_00024526","Trit1","Trit1","sgC9","sgNTC",2.05837962627804e-08,TRUE,181
"319","geneComp_00024378","Tra2b","Tra2b","sgC9","sgNTC",2.13611377370325e-08,TRUE,182
"322","geneComp_00024984","Unk","Unk","sgC9","sgNTC",2.42075957046633e-08,FALSE,183
"324","geneComp_00003561","Cdc42bpb","Cdc42bpb","sgC9","sgNTC",2.45888932647661e-08,TRUE,184
"326","geneComp_00019653","Pkn1","Pkn1","sgC9","sgNTC",2.45888932647661e-08,FALSE,185
"328","geneComp_00025625","Ywhaq","Ywhaq","sgC9","sgNTC",2.9173710145855e-08,TRUE,186
"330","geneComp_00020558","Pxylp1","Pxylp1","sgC9","sgNTC",2.91873360764959e-08,TRUE,187
"332","geneComp_00021972","Sergef","Sergef","sgC9","sgNTC",3.09870965678058e-08,TRUE,188
"334","geneComp_00006866","Etl4","Etl4","sgC9","sgNTC",3.14131814053203e-08,TRUE,189
"335","geneComp_00024676","Ttc23","Ttc23","sgC9","sgNTC",3.39768220418014e-08,TRUE,190
"336","geneComp_00019563","Pigp","Pigp","sgC9","sgNTC",3.49462167490515e-08,TRUE,191
"338","geneComp_00003910","Chrnb1","Chrnb1","sgC9","sgNTC",3.52621690131352e-08,TRUE,192
"339","geneComp_00005056","Dleu2","Dleu2","sgC9","sgNTC",3.58857041846164e-08,TRUE,193
"340","geneComp_00003107","Camk2d","Camk2d","sgC9","sgNTC",3.86842718966934e-08,FALSE,194
"342","geneComp_00024291","Tns2","Tns2","sgC9","sgNTC",4.33716184641275e-08,FALSE,195
"344","geneComp_00007905","Gm10138","Gm10138","sgC9","sgNTC",4.75295768580052e-08,TRUE,196
"345","geneComp_00025035","Usp13","Usp13","sgC9","sgNTC",4.9029003655018e-08,FALSE,197
"346","geneComp_00021635","Runx1","Runx1","sgC9","sgNTC",4.93033803353466e-08,FALSE,198
"348","geneComp_00023531","Tbc1d10c","Tbc1d10c","sgC9","sgNTC",6.83107211742956e-08,TRUE,199
"351","geneComp_00014890","H2-K2","H2-K2","sgC9","sgNTC",7.02157570955559e-08,TRUE,200
"352","geneComp_00018301","Nol4l","Nol4l","sgC9","sgNTC",7.18445051542342e-08,TRUE,201
"354","geneComp_00021542","Rpusd1","Rpusd1","sgC9","sgNTC",7.19564912137e-08,TRUE,202
"356","geneComp_00025906","Zfp469","Zfp469","sgC9","sgNTC",7.25173861286743e-08,TRUE,203
"358","geneComp_00005356","Dync1i2","Dync1i2","sgC9","sgNTC",7.29309841013845e-08,FALSE,204
"360","geneComp_00025529","Wtap","Wtap","sgC9","sgNTC",7.46377278947947e-08,TRUE,205
"361","geneComp_00015659","Immt","Immt","sgC9","sgNTC",7.62442704945892e-08,FALSE,206
"363","geneComp_00020064","Ppp1r3e","Ppp1r3e","sgC9","sgNTC",7.87661868804342e-08,TRUE,207
"364","geneComp_00016502","Lins1","Lins1","sgC9","sgNTC",8.56235784781097e-08,TRUE,208
"365","geneComp_00012923","Gm4924","Gm4924","sgC9","sgNTC",8.71249548756173e-08,TRUE,209
"367","geneComp_00007716","Gdap2","Gdap2","sgC9","sgNTC",9.34214286915699e-08,TRUE,210
"368","geneComp_00017685","Mterf2","Mterf2","sgC9","sgNTC",9.58936544273623e-08,TRUE,211
"369","geneComp_00001788","Ampd2","Ampd2","sgC9","sgNTC",9.79636974016305e-08,TRUE,212
"371","geneComp_00020610","Rab14","Rab14","sgC9","sgNTC",1.0219946860925e-07,TRUE,213
"373","geneComp_00002097","Arhgef10l","Arhgef10l","sgC9","sgNTC",1.32203819285736e-07,FALSE,214
"375","geneComp_00025628","Ywhaz","Ywhaz","sgC9","sgNTC",1.50599616327961e-07,FALSE,215
"377","geneComp_00023288","Stx2","Stx2","sgC9","sgNTC",1.69583810561107e-07,FALSE,216
"379","geneComp_00002504","B3galnt2","B3galnt2","sgC9","sgNTC",1.83577053757732e-07,TRUE,217
"380","geneComp_00021025","Rhbdl2","Rhbdl2","sgC9","sgNTC",1.86988789970203e-07,TRUE,218
"382","geneComp_00004315","Cpa2","Cpa2","sgC9","sgNTC",2.47702012444163e-07,TRUE,219
"384","geneComp_00005073","Dlx1","Dlx1","sgC9","sgNTC",2.58248740953914e-07,TRUE,220
"385","geneComp_00016264","Kpna6","Kpna6","sgC9","sgNTC",2.58248740953914e-07,FALSE,221
"387","geneComp_00019399","Pex11a","Pex11a","sgC9","sgNTC",3.11080408314796e-07,TRUE,222
"388","geneComp_00007172","Fbxl18","Fbxl18","sgC9","sgNTC",3.11276670599362e-07,FALSE,223
"390","geneComp_00000006","0610010K14Rik","0610010K14Rik","sgC9","sgNTC",3.12859199832537e-07,TRUE,224
"391","geneComp_00020602","Rab11fip1","Rab11fip1","sgC9","sgNTC",3.32876257911413e-07,TRUE,225
"393","geneComp_00014673","Gps1","Gps1","sgC9","sgNTC",3.52874524089663e-07,FALSE,226
"395","geneComp_00019184","Pccb","Pccb","sgC9","sgNTC",3.53150243806182e-07,FALSE,227
"396","geneComp_00017706","Mtif3","Mtif3","sgC9","sgNTC",3.67880182450382e-07,TRUE,228
"398","geneComp_00019687","Plac9","Plac9","sgC9","sgNTC",3.81257106059391e-07,FALSE,229
"399","geneComp_00015434","Hyou1","Hyou1","sgC9","sgNTC",3.85365746307876e-07,FALSE,230
"401","geneComp_00023596","Tcaim","Tcaim","sgC9","sgNTC",3.86355045025547e-07,TRUE,231
"402","geneComp_00016728","Ltc4s","Ltc4s","sgC9","sgNTC",3.87092653718638e-07,TRUE,232
"404","geneComp_00015505","Ifitm1","Ifitm1","sgC9","sgNTC",4.22599925617303e-07,TRUE,233
"406","geneComp_00019141","Parva","Parva","sgC9","sgNTC",4.43602487624027e-07,FALSE,234
"408","geneComp_00025740","Zeb2","Zeb2","sgC9","sgNTC",4.82649736451176e-07,TRUE,235
"410","geneComp_00025031","Usp1","Usp1","sgC9","sgNTC",5.13556367249653e-07,TRUE,236
"413","geneComp_00019525","Phtf2","Phtf2","sgC9","sgNTC",5.99322288022075e-07,TRUE,237
"415","geneComp_00017268","Midn","Midn","sgC9","sgNTC",6.03285764388599e-07,FALSE,238
"416","geneComp_00016098","Khdc4","Khdc4","sgC9","sgNTC",6.27960558524631e-07,TRUE,239
"418","geneComp_00023868","Timp2","Timp2","sgC9","sgNTC",6.47846422782318e-07,TRUE,240
"420","geneComp_00017141","Memo1","Memo1","sgC9","sgNTC",7.3525434147593e-07,TRUE,241
"422","geneComp_00025724","Zdhhc17","Zdhhc17","sgC9","sgNTC",7.63160880172283e-07,TRUE,242
"424","geneComp_00022358","Slc25a28","Slc25a28","sgC9","sgNTC",8.59742420616112e-07,TRUE,243
"426","geneComp_00013851","Gm6710","Gm6710","sgC9","sgNTC",9.30752586737647e-07,TRUE,244
"428","geneComp_00002699","Bcl2l2","Bcl2l2","sgC9","sgNTC",1.03429723425702e-06,TRUE,245
"429","geneComp_00017274","Mier3","Mier3","sgC9","sgNTC",1.14157357297938e-06,TRUE,246
"430","geneComp_00017996","Ncoa1","Ncoa1","sgC9","sgNTC",1.14157357297938e-06,FALSE,247
"431","geneComp_00022829","Snx24","Snx24","sgC9","sgNTC",1.39824183524428e-06,TRUE,248
"433","geneComp_00005155","Dnajc17","Dnajc17","sgC9","sgNTC",1.40399947584563e-06,TRUE,249
"434","geneComp_00000200","1700066M21Rik","1700066M21Rik","sgC9","sgNTC",1.41742811705726e-06,TRUE,250
"435","geneComp_00014885","H2-DMa","H2-DMa","sgC9","sgNTC",1.65593857185644e-06,TRUE,251
"437","geneComp_00007208","Fbxo44","Fbxo44","sgC9","sgNTC",1.74666341911088e-06,TRUE,252
"439","geneComp_00018581","Oas1c","Oas1c","sgC9","sgNTC",1.77610196122845e-06,TRUE,253
"441","geneComp_00001536","Aebp2","Aebp2","sgC9","sgNTC",1.88856340301735e-06,FALSE,254
"442","geneComp_00023299","Stxbp5","Stxbp5","sgC9","sgNTC",1.92715140987688e-06,FALSE,255
"443","geneComp_00019447","Pggt1b","Pggt1b","sgC9","sgNTC",1.94285117891994e-06,TRUE,256
"445","geneComp_00000850","5430416N02Rik","5430416N02Rik","sgC9","sgNTC",1.98592591221287e-06,TRUE,257
"446","geneComp_00020548","Pwwp3a","Pwwp3a","sgC9","sgNTC",2.16050103411774e-06,TRUE,258
"448","geneComp_00011301","Gm35546","Gm35546","sgC9","sgNTC",2.18506794614878e-06,TRUE,259
"450","geneComp_00022365","Slc25a35","Slc25a35","sgC9","sgNTC",2.44255375802217e-06,TRUE,260
"451","geneComp_00026011","Zfp715","Zfp715","sgC9","sgNTC",2.54536828425795e-06,TRUE,261
"452","geneComp_00022550","Slc6a8","Slc6a8","sgC9","sgNTC",2.57074054709132e-06,FALSE,262
"453","geneComp_00015242","Hnrnpl","Hnrnpl","sgC9","sgNTC",2.8723920455916e-06,TRUE,263
"454","geneComp_00005562","Ehmt1","Ehmt1","sgC9","sgNTC",3.04415595129843e-06,FALSE,264
"455","geneComp_00003876","Chml","Chml","sgC9","sgNTC",3.0477239701239e-06,TRUE,265
"456","geneComp_00020607","Rab11fip5","Rab11fip5","sgC9","sgNTC",3.13864030709213e-06,TRUE,266
"458","geneComp_00009433","Gm16023","Gm16023","sgC9","sgNTC",3.15201747552316e-06,TRUE,267
"460","geneComp_00014542","Golga7","Golga7","sgC9","sgNTC",3.22094414088092e-06,TRUE,268
"462","geneComp_00020529","Puf60","Puf60","sgC9","sgNTC",3.41903276822039e-06,FALSE,269
"464","geneComp_00023121","Srsf5","Srsf5","sgC9","sgNTC",3.62335650445369e-06,FALSE,270
"466","geneComp_00005609","Eif3c","Eif3c","sgC9","sgNTC",3.62863996312795e-06,TRUE,271
"468","geneComp_00014537","Golga1","Golga1","sgC9","sgNTC",3.87952969427524e-06,TRUE,272
"469","geneComp_00003643","Cdkl3","Cdkl3","sgC9","sgNTC",3.91424866069018e-06,TRUE,273
"470","geneComp_00025692","Zc3h18","Zc3h18","sgC9","sgNTC",3.99851142390602e-06,FALSE,274
"471","geneComp_00024285","Tnr","Tnr","sgC9","sgNTC",4.00354807866562e-06,TRUE,275
"473","geneComp_00026053","Zfp82","Zfp82","sgC9","sgNTC",4.02512849451193e-06,TRUE,276
"475","geneComp_00015937","Kansl1","Kansl1","sgC9","sgNTC",4.23677031096869e-06,FALSE,277
"476","geneComp_00007355","Flcn","Flcn","sgC9","sgNTC",4.2833962100634e-06,TRUE,278
"477","geneComp_00021020","Rhbdd2","Rhbdd2","sgC9","sgNTC",4.31957526838489e-06,TRUE,279
"478","geneComp_00005315","Dubr","Dubr","sgC9","sgNTC",4.52123532106992e-06,TRUE,280
"479","geneComp_00018088","Nectin3","Nectin3","sgC9","sgNTC",5.13631427641909e-06,TRUE,281
"481","geneComp_00026035","Zfp78","Zfp78","sgC9","sgNTC",5.21337763085999e-06,TRUE,282
"482","geneComp_00014692","Gramd3","Gramd3","sgC9","sgNTC",5.28874097511344e-06,FALSE,283
"484","geneComp_00001257","Abhd4","Abhd4","sgC9","sgNTC",5.53466970712546e-06,FALSE,284
"485","geneComp_00025539","Xbp1","Xbp1","sgC9","sgNTC",5.62126567729389e-06,TRUE,285
"487","geneComp_00002286","Atf7","Atf7","sgC9","sgNTC",6.26953105446183e-06,TRUE,286
"488","geneComp_00026068","Zfp865","Zfp865","sgC9","sgNTC",6.29340105870057e-06,TRUE,287
"490","geneComp_00024779","Txlna","Txlna","sgC9","sgNTC",6.37371339426818e-06,TRUE,288
"492","geneComp_00014908","H2-T22","H2-T22","sgC9","sgNTC",6.83411618108557e-06,TRUE,289
"494","geneComp_00005189","Dnm2","Dnm2","sgC9","sgNTC",6.9062924485584e-06,TRUE,290
"495","geneComp_00016806","Macroh2a1","Macroh2a1","sgC9","sgNTC",7.00159034467409e-06,FALSE,291
"497","geneComp_00016626","Lrrc14","Lrrc14","sgC9","sgNTC",7.08815802811734e-06,TRUE,292
"498","geneComp_00023694","Tep1","Tep1","sgC9","sgNTC",7.08815802811734e-06,TRUE,293
"499","geneComp_00019810","Plscr3","Plscr3","sgC9","sgNTC",7.72666760897057e-06,TRUE,294
"501","geneComp_00014732","Gripap1","Gripap1","sgC9","sgNTC",8.66340679906107e-06,TRUE,295
"502","geneComp_00023206","Stau1","Stau1","sgC9","sgNTC",8.91024679193583e-06,FALSE,296
"504","geneComp_00020860","Rbm5","Rbm5","sgC9","sgNTC",9.08609668311059e-06,TRUE,297
"506","geneComp_00005656","Elf2","Elf2","sgC9","sgNTC",9.45821044097404e-06,TRUE,298
"508","geneComp_00014544","Golgb1","Golgb1","sgC9","sgNTC",1.01833018687562e-05,FALSE,299
"509","geneComp_00005215","Dock7","Dock7","sgC9","sgNTC",1.20163130129908e-05,TRUE,300
"510","geneComp_00005240","Dph2","Dph2","sgC9","sgNTC",1.23355208865072e-05,TRUE,301
"511","geneComp_00003774","Cert1","Cert1","sgC9","sgNTC",1.32747683271926e-05,TRUE,302
"512","geneComp_00024578","Trpm4","Trpm4","sgC9","sgNTC",1.34430925184667e-05,TRUE,303
"514","geneComp_00020191","Prkag2","Prkag2","sgC9","sgNTC",1.35761885429592e-05,TRUE,304
"515","geneComp_00018087","Nectin2","Nectin2","sgC9","sgNTC",1.38079634431773e-05,TRUE,305
"517","geneComp_00019883","Pogz","Pogz","sgC9","sgNTC",1.43294663950383e-05,FALSE,306
"518","geneComp_00005447","Ebf3","Ebf3","sgC9","sgNTC",1.44599048023673e-05,TRUE,307
"519","geneComp_00003431","Ccnl2","Ccnl2","sgC9","sgNTC",1.46206177406205e-05,TRUE,308
"520","geneComp_00001221","Abcc10","Abcc10","sgC9","sgNTC",1.55430528625396e-05,TRUE,309
"521","geneComp_00007868","Glyr1","Glyr1","sgC9","sgNTC",1.63912567438731e-05,FALSE,310
"523","geneComp_00021950","Senp7","Senp7","sgC9","sgNTC",1.64073600595728e-05,TRUE,311
"524","geneComp_00001335","Acox1","Acox1","sgC9","sgNTC",1.74919763072737e-05,FALSE,312
"526","geneComp_00021142","Rnf123","Rnf123","sgC9","sgNTC",1.75492685342769e-05,TRUE,313
"528","geneComp_00023865","Timm9","Timm9","sgC9","sgNTC",1.80558473353996e-05,FALSE,314
"530","geneComp_00020717","Rai14","Rai14","sgC9","sgNTC",1.80997251707961e-05,FALSE,315
"532","geneComp_00019562","Pigo","Pigo","sgC9","sgNTC",1.87689922475223e-05,TRUE,316
"533","geneComp_00005213","Dock5","Dock5","sgC9","sgNTC",1.92310326100636e-05,TRUE,317
"535","geneComp_00016269","Kras","Kras","sgC9","sgNTC",1.97302446268195e-05,TRUE,318
"538","geneComp_00014800","Gtf2a1","Gtf2a1","sgC9","sgNTC",1.99214927160779e-05,TRUE,319
"540","geneComp_00006809","Erh","Erh","sgC9","sgNTC",2.0104183600178e-05,TRUE,320
"542","geneComp_00023943","Tmc8","Tmc8","sgC9","sgNTC",2.03872385984394e-05,TRUE,321
"543","geneComp_00017424","Mocs1","Mocs1","sgC9","sgNTC",2.11206123634919e-05,TRUE,322
"545","geneComp_00011079","Gm32261","Gm32261","sgC9","sgNTC",2.14846271031894e-05,TRUE,323
"546","geneComp_00000416","2810039B14Rik","2810039B14Rik","sgC9","sgNTC",2.17527592784546e-05,TRUE,324
"547","geneComp_00017072","Mdm1","Mdm1","sgC9","sgNTC",2.22507023258475e-05,TRUE,325
"548","geneComp_00017635","Msln","Msln","sgC9","sgNTC",2.3001679895261e-05,TRUE,326
"549","geneComp_00004050","Clint1","Clint1","sgC9","sgNTC",2.35443743880039e-05,FALSE,327
"551","geneComp_00019484","Phf12","Phf12","sgC9","sgNTC",2.38454486716315e-05,TRUE,328
"553","geneComp_00024279","Tnnt2","Tnnt2","sgC9","sgNTC",2.39508128502302e-05,TRUE,329
"555","geneComp_00009443","Gm16046","Gm16046","sgC9","sgNTC",2.52202364340983e-05,TRUE,330
"556","geneComp_00007310","Fhip1b","Fhip1b","sgC9","sgNTC",2.64612003340028e-05,FALSE,331
"557","geneComp_00022048","Setdb2","Setdb2","sgC9","sgNTC",2.66947183222112e-05,TRUE,332
"558","geneComp_00017906","Naga","Naga","sgC9","sgNTC",2.71600542403951e-05,TRUE,333
"559","geneComp_00002708","Bclaf1","Bclaf1","sgC9","sgNTC",2.74075147208221e-05,TRUE,334
"561","geneComp_00009011","Gm14418","Gm14418","sgC9","sgNTC",2.83276309475348e-05,TRUE,335
"563","geneComp_00024282","Tnpo1","Tnpo1","sgC9","sgNTC",2.88276379205748e-05,TRUE,336
"564","geneComp_00002456","AW554918","AW554918","sgC9","sgNTC",2.97860251366445e-05,FALSE,337
"565","geneComp_00017901","Nadk","Nadk","sgC9","sgNTC",3.10304183485495e-05,FALSE,338
"566","geneComp_00005209","Dock11","Dock11","sgC9","sgNTC",3.1826835563392e-05,TRUE,339
"567","geneComp_00017366","Mllt3","Mllt3","sgC9","sgNTC",3.21466047055338e-05,TRUE,340
"569","geneComp_00003227","Cbln1","Cbln1","sgC9","sgNTC",3.26549175435408e-05,TRUE,341
"570","geneComp_00006437","ENSMUSG00000120999","ENSMUSG00000120999","sgC9","sgNTC",3.26549175435408e-05,TRUE,342
"571","geneComp_00006951","F730311O21Rik","F730311O21Rik","sgC9","sgNTC",3.26549175435408e-05,TRUE,343
"573","geneComp_00015607","Il18","Il18","sgC9","sgNTC",3.33868742850764e-05,TRUE,344
"574","geneComp_00014552","Gon7","Gon7","sgC9","sgNTC",3.37860983076803e-05,TRUE,345
"576","geneComp_00026151","Zfp995","Zfp995","sgC9","sgNTC",3.40174766271528e-05,TRUE,346
"577","geneComp_00019880","Poglut1","Poglut1","sgC9","sgNTC",3.57534385018868e-05,TRUE,347
"579","geneComp_00021218","Rnps1","Rnps1","sgC9","sgNTC",3.57534385018868e-05,FALSE,348
"581","geneComp_00026206","Zmynd8","Zmynd8","sgC9","sgNTC",3.59849969626383e-05,FALSE,349
"583","geneComp_00004451","Csf1","Csf1","sgC9","sgNTC",3.77097909778145e-05,FALSE,350
"585","geneComp_00016662","Lrrc61","Lrrc61","sgC9","sgNTC",3.89105286695898e-05,TRUE,351
"586","geneComp_00015965","Kbtbd4","Kbtbd4","sgC9","sgNTC",3.90713067498247e-05,FALSE,352
"587","geneComp_00007188","Fbxo17","Fbxo17","sgC9","sgNTC",3.95670358649721e-05,TRUE,353
"589","geneComp_00025951","Zfp598","Zfp598","sgC9","sgNTC",4.16610520188051e-05,FALSE,354
"591","geneComp_00019521","Phpt1","Phpt1","sgC9","sgNTC",4.17392819759517e-05,TRUE,355
"593","geneComp_00022394","Slc27a1","Slc27a1","sgC9","sgNTC",4.20062457460568e-05,TRUE,356
"595","geneComp_00019949","Pop4","Pop4","sgC9","sgNTC",4.42517663877698e-05,TRUE,357
"597","geneComp_00003026","C8g","C8g","sgC9","sgNTC",4.5673610293716e-05,TRUE,358
"598","geneComp_00007535","Fxyd2","Fxyd2","sgC9","sgNTC",4.60016942983061e-05,FALSE,359
"599","geneComp_00025343","Vps37c","Vps37c","sgC9","sgNTC",4.66289316754205e-05,FALSE,360
"600","geneComp_00018951","Os9","Os9","sgC9","sgNTC",4.87922717759383e-05,FALSE,361
"602","geneComp_00020901","Rcor2","Rcor2","sgC9","sgNTC",5.21461427964914e-05,TRUE,362
"604","geneComp_00003392","Ccl27a","Ccl27a","sgC9","sgNTC",5.27827268647411e-05,TRUE,363
"606","geneComp_00017845","Myof","Myof","sgC9","sgNTC",5.4880624274904e-05,FALSE,364
"608","geneComp_00004902","Ddx46","Ddx46","sgC9","sgNTC",5.56756011566457e-05,TRUE,365
"610","geneComp_00022638","Smarcc2","Smarcc2","sgC9","sgNTC",5.87152667251426e-05,FALSE,366
"612","geneComp_00024376","Tpx2","Tpx2","sgC9","sgNTC",6.13783141709662e-05,FALSE,367
"614","geneComp_00024304","Tom1l2","Tom1l2","sgC9","sgNTC",6.26006279759598e-05,FALSE,368
"616","geneComp_00022090","Sgf29","Sgf29","sgC9","sgNTC",6.43191377698356e-05,TRUE,369
"617","geneComp_00020921","Recql","Recql","sgC9","sgNTC",6.85715175355022e-05,TRUE,370
"619","geneComp_00014498","Gnaq","Gnaq","sgC9","sgNTC",7.17783728801538e-05,TRUE,371
"621","geneComp_00023136","Ssh1","Ssh1","sgC9","sgNTC",7.23525282338515e-05,FALSE,372
"622","geneComp_00019746","Plekha4","Plekha4","sgC9","sgNTC",7.94845786049412e-05,TRUE,373
"624","geneComp_00020723","Ralgapa2","Ralgapa2","sgC9","sgNTC",8.03686896766647e-05,FALSE,374
"625","geneComp_00016910","Map3k7","Map3k7","sgC9","sgNTC",8.07608369361698e-05,FALSE,375
"626","geneComp_00020988","Rfxank","Rfxank","sgC9","sgNTC",8.67124173487421e-05,FALSE,376
"628","geneComp_00003315","Ccdc189","Ccdc189","sgC9","sgNTC",8.71277087406459e-05,TRUE,377
"629","geneComp_00022843","Soat1","Soat1","sgC9","sgNTC",8.90277723749245e-05,TRUE,378
"630","geneComp_00021586","Rsph3a","Rsph3a","sgC9","sgNTC",9.09284173963165e-05,TRUE,379
"631","geneComp_00015831","Itga7","Itga7","sgC9","sgNTC",9.22187188141731e-05,FALSE,380
"632","geneComp_00023451","Taf11","Taf11","sgC9","sgNTC",9.30326425700823e-05,TRUE,381
"634","geneComp_00015334","Hrob","Hrob","sgC9","sgNTC",9.40742297589198e-05,TRUE,382
"636","geneComp_00019006","Oxa1l","Oxa1l","sgC9","sgNTC",9.65218211920063e-05,TRUE,383
"638","geneComp_00019942","Pomp","Pomp","sgC9","sgNTC",9.67825863058079e-05,TRUE,384
"640","geneComp_00019185","Pcdh1","Pcdh1","sgC9","sgNTC",9.78424116662231e-05,TRUE,385
"641","geneComp_00003740","Cep290","Cep290","sgC9","sgNTC",0.000100094497636441,TRUE,386
"642","geneComp_00002679","Bcas3","Bcas3","sgC9","sgNTC",0.000101717277688459,TRUE,387
"643","geneComp_00019270","Pcsk7","Pcsk7","sgC9","sgNTC",0.000102039689190987,TRUE,388
"644","geneComp_00000708","4930581F22Rik","4930581F22Rik","sgC9","sgNTC",0.000102490554320797,TRUE,389
"646","geneComp_00017895","Nabp1","Nabp1","sgC9","sgNTC",0.000103388915511742,TRUE,390
"647","geneComp_00022161","Shisa4","Shisa4","sgC9","sgNTC",0.000110338061930838,TRUE,391
"648","geneComp_00019063","Pagr1a","Pagr1a","sgC9","sgNTC",0.000111847784292647,TRUE,392
"649","geneComp_00023298","Stxbp4","Stxbp4","sgC9","sgNTC",0.00011186661783876,TRUE,393
"651","geneComp_00021863","Sdr39u1","Sdr39u1","sgC9","sgNTC",0.000113123019980901,TRUE,394
"652","geneComp_00014484","Gmppb","Gmppb","sgC9","sgNTC",0.000119673759355636,TRUE,395
"654","geneComp_00025980","Zfp652","Zfp652","sgC9","sgNTC",0.000120339050594572,TRUE,396
"656","geneComp_00016126","Kif23","Kif23","sgC9","sgNTC",0.000123694164161847,TRUE,397
"658","geneComp_00003752","Cep70","Cep70","sgC9","sgNTC",0.000126036615894393,TRUE,398
"659","geneComp_00025754","Zfhx2","Zfhx2","sgC9","sgNTC",0.000129089577381703,TRUE,399
"661","geneComp_00020095","Ppp4r3a","Ppp4r3a","sgC9","sgNTC",0.000130505136291796,TRUE,400
"662","geneComp_00002889","Btbd10","Btbd10","sgC9","sgNTC",0.000130597104094939,TRUE,401
"664","geneComp_00004095","Cmc4","Cmc4","sgC9","sgNTC",0.000131031434222006,FALSE,402
"665","geneComp_00021060","Rif1","Rif1","sgC9","sgNTC",0.000131065900590856,TRUE,403
"666","geneComp_00021161","Rnf157","Rnf157","sgC9","sgNTC",0.000131575183831777,TRUE,404
"667","geneComp_00018376","Nptn","Nptn","sgC9","sgNTC",0.000132599849502944,TRUE,405
"668","geneComp_00025610","Ypel1","Ypel1","sgC9","sgNTC",0.000132599849502944,TRUE,406
"669","geneComp_00016997","Maz","Maz","sgC9","sgNTC",0.000136113936477142,FALSE,407
"670","geneComp_00022516","Slc4a2","Slc4a2","sgC9","sgNTC",0.000137994391662421,FALSE,408
"671","geneComp_00007169","Fbxl15","Fbxl15","sgC9","sgNTC",0.000140480391591395,TRUE,409
"673","geneComp_00024337","Tox4","Tox4","sgC9","sgNTC",0.000142335698416239,TRUE,410
"675","geneComp_00025897","Zfp451","Zfp451","sgC9","sgNTC",0.000143735408174188,TRUE,411
"676","geneComp_00007003","Fam131a","Fam131a","sgC9","sgNTC",0.000149677272844234,TRUE,412
"677","geneComp_00023132","Ssbp3","Ssbp3","sgC9","sgNTC",0.000153593427479485,FALSE,413
"679","geneComp_00016987","Mat2a","Mat2a","sgC9","sgNTC",0.00015525133804116,TRUE,414
"681","geneComp_00017971","Ncapd3","Ncapd3","sgC9","sgNTC",0.000160792703916296,TRUE,415
"683","geneComp_00016417","Ldlrap1","Ldlrap1","sgC9","sgNTC",0.000164316518366507,TRUE,416
"685","geneComp_00020959","Rev3l","Rev3l","sgC9","sgNTC",0.000167223183555047,TRUE,417
"686","geneComp_00024384","Traf2","Traf2","sgC9","sgNTC",0.000173899620291036,FALSE,418
"688","geneComp_00003360","Ccdc82","Ccdc82","sgC9","sgNTC",0.000175185721803961,FALSE,419
"690","geneComp_00006775","Eps15l1","Eps15l1","sgC9","sgNTC",0.000175209171058597,TRUE,420
"692","geneComp_00010599","Gm26947","Gm26947","sgC9","sgNTC",0.000176656669632218,TRUE,421
"694","geneComp_00020801","Rassf7","Rassf7","sgC9","sgNTC",0.000182715869797009,TRUE,422
"695","geneComp_00002415","Atxn7l1","Atxn7l1","sgC9","sgNTC",0.00018841102175085,TRUE,423
"696","geneComp_00023429","Syvn1","Syvn1","sgC9","sgNTC",0.000194637018387511,TRUE,424
"698","geneComp_00024636","Tspan4","Tspan4","sgC9","sgNTC",0.000194689212732266,FALSE,425
"700","geneComp_00022663","Smim10l1","Smim10l1","sgC9","sgNTC",0.000194834742253117,TRUE,426
"701","geneComp_00017909","Nagpa","Nagpa","sgC9","sgNTC",0.000197633514496672,TRUE,427
"702","geneComp_00017163","Mettl16","Mettl16","sgC9","sgNTC",0.000198423533069027,TRUE,428
"704","geneComp_00020700","Rad51c","Rad51c","sgC9","sgNTC",0.000199752088699372,FALSE,429
"705","geneComp_00003516","Cd55","Cd55","sgC9","sgNTC",0.000205086820826519,TRUE,430
"706","geneComp_00024916","Ubxn7","Ubxn7","sgC9","sgNTC",0.000205137678493451,TRUE,431
"708","geneComp_00014689","Gramd1b","Gramd1b","sgC9","sgNTC",0.000209897666931127,TRUE,432
"709","geneComp_00025583","Yap1","Yap1","sgC9","sgNTC",0.000212254455794644,FALSE,433
"711","geneComp_00018505","Nudt16l1","Nudt16l1","sgC9","sgNTC",0.000213953597738535,TRUE,434
"712","geneComp_00024652","Tssc4","Tssc4","sgC9","sgNTC",0.000216527385712233,TRUE,435
"714","geneComp_00020075","Ppp2r1b","Ppp2r1b","sgC9","sgNTC",0.000216662469648287,FALSE,436
"716","geneComp_00023352","Susd6","Susd6","sgC9","sgNTC",0.000218105045972597,FALSE,437
"718","geneComp_00023971","Tmem104","Tmem104","sgC9","sgNTC",0.000218131449897616,TRUE,438
"719","geneComp_00017838","Myo6","Myo6","sgC9","sgNTC",0.000226642053135587,FALSE,439
"721","geneComp_00020555","Pxmp4","Pxmp4","sgC9","sgNTC",0.000231865540221177,TRUE,440
"723","geneComp_00023108","Srrm2","Srrm2","sgC9","sgNTC",0.000232685066761651,TRUE,441
"725","geneComp_00022642","Smarce1","Smarce1","sgC9","sgNTC",0.000243689131617392,TRUE,442
"727","geneComp_00007839","Glis3","Glis3","sgC9","sgNTC",0.000244734291494494,TRUE,443
"728","geneComp_00017592","Mrps27","Mrps27","sgC9","sgNTC",0.000249949076895181,TRUE,444
"730","geneComp_00020048","Ppp1r18","Ppp1r18","sgC9","sgNTC",0.000252011463838591,FALSE,445
"732","geneComp_00025874","Zfp407","Zfp407","sgC9","sgNTC",0.000252549359270697,TRUE,446
"733","geneComp_00018940","Orc1","Orc1","sgC9","sgNTC",0.00025791134669842,TRUE,447
"734","geneComp_00021126","Rnaset2a","Rnaset2a","sgC9","sgNTC",0.000275523809054042,FALSE,448
"736","geneComp_00015320","Hps5","Hps5","sgC9","sgNTC",0.000293760407666853,TRUE,449
"737","geneComp_00025835","Zfp326","Zfp326","sgC9","sgNTC",0.000296534930804157,TRUE,450
"738","geneComp_00019744","Plekha2","Plekha2","sgC9","sgNTC",0.000296704331771361,TRUE,451
"739","geneComp_00023222","Stimate","Stimate","sgC9","sgNTC",0.000299242913425652,TRUE,452
"740","geneComp_00019724","Plcg1","Plcg1","sgC9","sgNTC",0.000299758428250909,TRUE,453
"741","geneComp_00003301","Ccdc171","Ccdc171","sgC9","sgNTC",0.000304528975476085,TRUE,454
"743","geneComp_00003749","Cep57l1","Cep57l1","sgC9","sgNTC",0.000304528975476085,TRUE,455
"745","geneComp_00002135","Arl14ep","Arl14ep","sgC9","sgNTC",0.00031688371700765,TRUE,456
"747","geneComp_00018521","Nufip2","Nufip2","sgC9","sgNTC",0.000325094534354168,FALSE,457
"749","geneComp_00004100","Cmss1","Cmss1","sgC9","sgNTC",0.000329748692613076,TRUE,458
"751","geneComp_00020269","Prpf18","Prpf18","sgC9","sgNTC",0.000331775958456973,FALSE,459
"752","geneComp_00007048","Fam204a","Fam204a","sgC9","sgNTC",0.000338775833531581,TRUE,460
"753","geneComp_00004643","Cyp2d22","Cyp2d22","sgC9","sgNTC",0.000358363346101596,TRUE,461
"754","geneComp_00007670","Gatad2b","Gatad2b","sgC9","sgNTC",0.000368693843096266,FALSE,462
"755","geneComp_00022221","Sirt5","Sirt5","sgC9","sgNTC",0.000372686643623529,TRUE,463
"756","geneComp_00003850","Chchd7","Chchd7","sgC9","sgNTC",0.000375144403939564,FALSE,464
"758","geneComp_00014590","Gpcpd1","Gpcpd1","sgC9","sgNTC",0.000376966077791166,TRUE,465
"759","geneComp_00007194","Fbxo28","Fbxo28","sgC9","sgNTC",0.000381919022992433,TRUE,466
"760","geneComp_00015524","Ift20","Ift20","sgC9","sgNTC",0.000404458962407641,FALSE,467
"762","geneComp_00000676","4930556M19Rik","4930556M19Rik","sgC9","sgNTC",0.000409974304742849,FALSE,468
"763","geneComp_00020676","Rabgap1l","Rabgap1l","sgC9","sgNTC",0.000409974304742849,TRUE,469
"764","geneComp_00010075","Gm20498","Gm20498","sgC9","sgNTC",0.000411631328854535,TRUE,470
"765","geneComp_00016194","Klhl17","Klhl17","sgC9","sgNTC",0.000425411184408202,TRUE,471
"766","geneComp_00005063","Dlgap2","Dlgap2","sgC9","sgNTC",0.000430586809909342,TRUE,472
"767","geneComp_00014847","Guk1","Guk1","sgC9","sgNTC",0.000433865849867806,FALSE,473
"768","geneComp_00002426","AU022252","AU022252","sgC9","sgNTC",0.000439683758506296,TRUE,474
"770","geneComp_00022601","Slit2","Slit2","sgC9","sgNTC",0.000455804573543548,TRUE,475
"771","geneComp_00016317","Kyat3","Kyat3","sgC9","sgNTC",0.000460680606260273,TRUE,476
"773","geneComp_00005738","Eno2","Eno2","sgC9","sgNTC",0.000465956205050232,TRUE,477
"775","geneComp_00023569","Tbl1xr1","Tbl1xr1","sgC9","sgNTC",0.000484670303936,TRUE,478
"776","geneComp_00006076","ENSMUSG00000120423","ENSMUSG00000120423","sgC9","sgNTC",0.000487961788970121,TRUE,479
"777","geneComp_00006784","Erap1","Erap1","sgC9","sgNTC",0.000497743093582454,TRUE,480
"778","geneComp_00020892","Rcc2","Rcc2","sgC9","sgNTC",0.000502296993835187,TRUE,481
"780","geneComp_00024547","Trnau1ap","Trnau1ap","sgC9","sgNTC",0.000506982482228564,TRUE,482
"781","geneComp_00017023","Mcam","Mcam","sgC9","sgNTC",0.000507433575361487,FALSE,483
"783","geneComp_00003273","Ccdc130","Ccdc130","sgC9","sgNTC",0.000508979219777344,TRUE,484
"784","geneComp_00016498","Lingo1","Lingo1","sgC9","sgNTC",0.000510843242196039,FALSE,485
"785","geneComp_00020847","Rbm34","Rbm34","sgC9","sgNTC",0.000514264615908382,FALSE,486
"787","geneComp_00000473","3830406C13Rik","3830406C13Rik","sgC9","sgNTC",0.000562281377672044,TRUE,487
"788","geneComp_00003117","Camsap2","Camsap2","sgC9","sgNTC",0.000568982114055685,TRUE,488
"789","geneComp_00020354","Psd3","Psd3","sgC9","sgNTC",0.000571623472201802,TRUE,489
"791","geneComp_00007765","Ggn","Ggn","sgC9","sgNTC",0.000581744933197213,TRUE,490
"792","geneComp_00005419","E2f3","E2f3","sgC9","sgNTC",0.000587255628915887,TRUE,491
"794","geneComp_00009989","Gm19765","Gm19765","sgC9","sgNTC",0.00059860103650926,FALSE,492
"795","geneComp_00019166","Pbdc1","Pbdc1","sgC9","sgNTC",0.000617993534302315,TRUE,493
"797","geneComp_00009301","Gm15708","Gm15708","sgC9","sgNTC",0.000640015524823034,FALSE,494
"799","geneComp_00000833","5033430I15Rik","5033430I15Rik","sgC9","sgNTC",0.000656510040933474,TRUE,495
"801","geneComp_00020350","Psat1","Psat1","sgC9","sgNTC",0.00065857287474668,FALSE,496
"803","geneComp_00003767","Cerox1","Cerox1","sgC9","sgNTC",0.000663728736796747,TRUE,497
"805","geneComp_00022032","Sesn1","Sesn1","sgC9","sgNTC",0.000664938777554765,TRUE,498
"807","geneComp_00015636","Il3ra","Il3ra","sgC9","sgNTC",0.00068943290444161,TRUE,499
"810","geneComp_00020537","Pus10","Pus10","sgC9","sgNTC",0.000705178460880261,TRUE,500
"812","geneComp_00010709","Gm28417","Gm28417","sgC9","sgNTC",0.000726286126642925,FALSE,501
"813","geneComp_00003190","Casp7","Casp7","sgC9","sgNTC",0.000727593583224581,TRUE,502
"815","geneComp_00025158","Vill","Vill","sgC9","sgNTC",0.000759567919807607,TRUE,503
"816","geneComp_00017722","Mtpap","Mtpap","sgC9","sgNTC",0.000772867959305346,TRUE,504
"817","geneComp_00015577","Ikbip","Ikbip","sgC9","sgNTC",0.000783946320154647,FALSE,505
"819","geneComp_00023395","Syngr4","Syngr4","sgC9","sgNTC",0.000811969084544214,TRUE,506
"820","geneComp_00021879","Sec22b","Sec22b","sgC9","sgNTC",0.000834462012374796,TRUE,507
"822","geneComp_00003551","Cdc25b","Cdc25b","sgC9","sgNTC",0.000848137629020339,TRUE,508
"824","geneComp_00001860","Ankrd40","Ankrd40","sgC9","sgNTC",0.000850641133709221,TRUE,509
"825","geneComp_00025799","Zfp229","Zfp229","sgC9","sgNTC",0.000885648342679236,TRUE,510
"826","geneComp_00002056","Arglu1","Arglu1","sgC9","sgNTC",0.000889586710157221,TRUE,511
"827","geneComp_00019535","Pi4ka","Pi4ka","sgC9","sgNTC",0.000923597492100623,FALSE,512
"828","geneComp_00026003","Zfp704","Zfp704","sgC9","sgNTC",0.000924872243445349,TRUE,513
"830","geneComp_00017202","Mfn1","Mfn1","sgC9","sgNTC",0.000940365059968822,TRUE,514
"832","geneComp_00015203","Hmgb3","Hmgb3","sgC9","sgNTC",0.000958834637976053,FALSE,515
"833","geneComp_00024044","Tmem179b","Tmem179b","sgC9","sgNTC",0.000965972681671907,TRUE,516
"834","geneComp_00021138","Rnf114","Rnf114","sgC9","sgNTC",0.000979041727952417,TRUE,517
"836","geneComp_00007165","Fbxl12","Fbxl12","sgC9","sgNTC",0.000979338124140806,TRUE,518
"837","geneComp_00025800","Zfp235","Zfp235","sgC9","sgNTC",0.000987795251680925,FALSE,519
"838","geneComp_00025620","Ythdf3","Ythdf3","sgC9","sgNTC",0.00100673073863625,FALSE,520
"840","geneComp_00002879","Bscl2","Bscl2","sgC9","sgNTC",0.00103436046747234,TRUE,521
"842","geneComp_00017012","Mboat1","Mboat1","sgC9","sgNTC",0.00105150523603152,TRUE,522
"844","geneComp_00011146","Gm33318","Gm33318","sgC9","sgNTC",0.00105701334295118,FALSE,523
"845","geneComp_00020908","Rdh11","Rdh11","sgC9","sgNTC",0.0010602926476004,FALSE,524
"846","geneComp_00024506","Trim68","Trim68","sgC9","sgNTC",0.00109234114785661,TRUE,525
"847","geneComp_00002163","Armc8","Armc8","sgC9","sgNTC",0.00110497573050919,TRUE,526
"848","geneComp_00004175","Cobll1","Cobll1","sgC9","sgNTC",0.00113305044665402,TRUE,527
"850","geneComp_00017019","Mbtps2","Mbtps2","sgC9","sgNTC",0.00117990174968517,TRUE,528
"851","geneComp_00019890","Pold4","Pold4","sgC9","sgNTC",0.00118203269078025,TRUE,529
"853","geneComp_00001949","Ap4m1","Ap4m1","sgC9","sgNTC",0.00118229329229722,TRUE,530
"855","geneComp_00019257","Pcnt","Pcnt","sgC9","sgNTC",0.00118451182260524,FALSE,531
"856","geneComp_00019922","Polr2i","Polr2i","sgC9","sgNTC",0.001191798188303,TRUE,532
"857","geneComp_00023461","Taf4","Taf4","sgC9","sgNTC",0.0012066031782834,FALSE,533
"858","geneComp_00014768","Gspt1","Gspt1","sgC9","sgNTC",0.00122942443696372,TRUE,534
"860","geneComp_00016143","Kif7","Kif7","sgC9","sgNTC",0.0012533193385665,FALSE,535
"861","geneComp_00025170","Vmac","Vmac","sgC9","sgNTC",0.00125638169124375,TRUE,536
"863","geneComp_00021951","Senp8","Senp8","sgC9","sgNTC",0.00128063436852849,FALSE,537
"864","geneComp_00026048","Zfp809","Zfp809","sgC9","sgNTC",0.00129276439836992,TRUE,538
"865","geneComp_00019966","Pou2f1","Pou2f1","sgC9","sgNTC",0.00134653174770828,TRUE,539
"866","geneComp_00021687","Saal1","Saal1","sgC9","sgNTC",0.00135386769232403,TRUE,540
"867","geneComp_00014829","Gtpbp8","Gtpbp8","sgC9","sgNTC",0.00136681952493885,TRUE,541
"868","geneComp_00016087","Kdm5c","Kdm5c","sgC9","sgNTC",0.00139120807234663,TRUE,542
"869","geneComp_00023447","Tada2b","Tada2b","sgC9","sgNTC",0.00140659312606587,TRUE,543
"871","geneComp_00025538","Xaf1","Xaf1","sgC9","sgNTC",0.0014124113773213,TRUE,544
"873","geneComp_00021177","Rnf20","Rnf20","sgC9","sgNTC",0.00142872551595858,TRUE,545
"874","geneComp_00000261","1810013L24Rik","1810013L24Rik","sgC9","sgNTC",0.00144598718257943,TRUE,546
"876","geneComp_00005066","Dlgap5","Dlgap5","sgC9","sgNTC",0.00144849244762047,TRUE,547
"877","geneComp_00022995","Spink10","Spink10","sgC9","sgNTC",0.00147069769342857,TRUE,548
"878","geneComp_00025081","Usp6nl","Usp6nl","sgC9","sgNTC",0.00150184400707387,FALSE,549
"880","geneComp_00016078","Kdm3a","Kdm3a","sgC9","sgNTC",0.00150372366847355,FALSE,550
"882","geneComp_00018136","Neurl4","Neurl4","sgC9","sgNTC",0.00150945796229865,TRUE,551
"883","geneComp_00023538","Tbc1d19","Tbc1d19","sgC9","sgNTC",0.00150945796229865,TRUE,552
"885","geneComp_00025809","Zfp266","Zfp266","sgC9","sgNTC",0.00151656001563668,TRUE,553
"886","geneComp_00025878","Zfp414","Zfp414","sgC9","sgNTC",0.00155252101931949,TRUE,554
"888","geneComp_00021056","Ric8a","Ric8a","sgC9","sgNTC",0.00158682350843335,TRUE,555
"890","geneComp_00017966","Nbr1","Nbr1","sgC9","sgNTC",0.00162041023406154,TRUE,556
"891","geneComp_00002242","Asic1","Asic1","sgC9","sgNTC",0.00166683281276813,TRUE,557
"892","geneComp_00006786","Erbb2","Erbb2","sgC9","sgNTC",0.0017348720814999,TRUE,558
"894","geneComp_00022436","Slc35b1","Slc35b1","sgC9","sgNTC",0.00173640019196692,TRUE,559
"896","geneComp_00025060","Usp34","Usp34","sgC9","sgNTC",0.00178509998752749,FALSE,560
"897","geneComp_00025890","Zfp433","Zfp433","sgC9","sgNTC",0.00179449216505602,TRUE,561
"898","geneComp_00016705","Lsm2","Lsm2","sgC9","sgNTC",0.00179827513018762,TRUE,562
"900","geneComp_00024633","Tspan32","Tspan32","sgC9","sgNTC",0.00179827513018762,TRUE,563
"902","geneComp_00023550","Tbc1d32","Tbc1d32","sgC9","sgNTC",0.00183454974057716,TRUE,564
"904","geneComp_00022188","Siah1b","Siah1b","sgC9","sgNTC",0.00185989774841882,FALSE,565
"906","geneComp_00021855","Sdhaf2","Sdhaf2","sgC9","sgNTC",0.0019056806009223,TRUE,566
"908","geneComp_00018462","Nt5c2","Nt5c2","sgC9","sgNTC",0.00195171089978145,TRUE,567
"910","geneComp_00023313","Sugct","Sugct","sgC9","sgNTC",0.00196644075123719,TRUE,568
"911","geneComp_00006819","Erlec1","Erlec1","sgC9","sgNTC",0.00197120342261632,TRUE,569
"912","geneComp_00026042","Zfp788","Zfp788","sgC9","sgNTC",0.00203208789904154,TRUE,570
"913","geneComp_00024322","Top3b","Top3b","sgC9","sgNTC",0.0021162979060174,TRUE,571
"915","geneComp_00021258","Rph3al","Rph3al","sgC9","sgNTC",0.00214903024295566,FALSE,572
"917","geneComp_00023973","Tmem106b","Tmem106b","sgC9","sgNTC",0.00217103728812172,TRUE,573
"918","geneComp_00023182","Stam2","Stam2","sgC9","sgNTC",0.00218396278160276,TRUE,574
"920","geneComp_00016341","Lamc2","Lamc2","sgC9","sgNTC",0.00224405063968031,TRUE,575
"922","geneComp_00022124","Sh3bp1","Sh3bp1","sgC9","sgNTC",0.00224852704578384,FALSE,576
"923","geneComp_00015921","Jpx","Jpx","sgC9","sgNTC",0.00227233138138551,TRUE,577
"924","geneComp_00023665","Tec","Tec","sgC9","sgNTC",0.00227930516921141,TRUE,578
"925","geneComp_00018960","Osbpl6","Osbpl6","sgC9","sgNTC",0.00229484226060223,TRUE,579
"926","geneComp_00014558","Gosr2","Gosr2","sgC9","sgNTC",0.00237751334304147,TRUE,580
"927","geneComp_00004432","Cryba4","Cryba4","sgC9","sgNTC",0.00239087270646063,FALSE,581
"928","geneComp_00015789","Irgm2","Irgm2","sgC9","sgNTC",0.00239440682849559,FALSE,582
"930","geneComp_00020481","Ptpdc1","Ptpdc1","sgC9","sgNTC",0.00242523436000676,FALSE,583
"932","geneComp_00004166","Cntrob","Cntrob","sgC9","sgNTC",0.00244388966964662,TRUE,584
"934","geneComp_00001626","Aifm2","Aifm2","sgC9","sgNTC",0.00249162478675149,TRUE,585
"936","geneComp_00021658","Ryk","Ryk","sgC9","sgNTC",0.0024978161920207,FALSE,586
"938","geneComp_00017596","Mrps33","Mrps33","sgC9","sgNTC",0.00256885629047001,TRUE,587
"940","geneComp_00015045","Hccs","Hccs","sgC9","sgNTC",0.00258101237288623,FALSE,588
"942","geneComp_00015888","Jag2","Jag2","sgC9","sgNTC",0.00260574438785356,TRUE,589
"943","geneComp_00017627","Msh5","Msh5","sgC9","sgNTC",0.00264399643154397,TRUE,590
"945","geneComp_00003651","Cdkn2c","Cdkn2c","sgC9","sgNTC",0.0026562053410034,FALSE,591
"947","geneComp_00022193","Sigirr","Sigirr","sgC9","sgNTC",0.0027001467819954,TRUE,592
"949","geneComp_00019468","Phax","Phax","sgC9","sgNTC",0.00275233414140872,FALSE,593
"950","geneComp_00016201","Klhl24","Klhl24","sgC9","sgNTC",0.00275775083244204,TRUE,594
"951","geneComp_00001854","Ankrd33b","Ankrd33b","sgC9","sgNTC",0.00281207474680124,TRUE,595
"952","geneComp_00025410","Wdpcp","Wdpcp","sgC9","sgNTC",0.00301018644503835,FALSE,596
"953","geneComp_00020570","Pyroxd2","Pyroxd2","sgC9","sgNTC",0.00309331989040413,TRUE,597
"954","geneComp_00016195","Klhl18","Klhl18","sgC9","sgNTC",0.00313135322445512,FALSE,598
"956","geneComp_00017870","N4bp2","N4bp2","sgC9","sgNTC",0.00313135322445512,TRUE,599
"957","geneComp_00025681","Zc2hc1a","Zc2hc1a","sgC9","sgNTC",0.00321726373472008,TRUE,600
"958","geneComp_00022299","Slc17a5","Slc17a5","sgC9","sgNTC",0.00322266700519071,TRUE,601
"960","geneComp_00016486","Lime1","Lime1","sgC9","sgNTC",0.00325582678097139,TRUE,602
"961","geneComp_00013942","Gm7240","Gm7240","sgC9","sgNTC",0.00335230618647172,TRUE,603
"962","geneComp_00007873","Gm10033","Gm10033","sgC9","sgNTC",0.00338350000477527,TRUE,604
"963","geneComp_00021755","Sbno1","Sbno1","sgC9","sgNTC",0.00339734623979167,TRUE,605
"965","geneComp_00007840","Glmn","Glmn","sgC9","sgNTC",0.00341536578485066,TRUE,606
"966","geneComp_00001286","Acad8","Acad8","sgC9","sgNTC",0.00348682118220537,TRUE,607
"967","geneComp_00007090","Fam53b","Fam53b","sgC9","sgNTC",0.00350615707002534,FALSE,608
"968","geneComp_00003965","Ciz1","Ciz1","sgC9","sgNTC",0.00352055314221533,FALSE,609
"969","geneComp_00004274","Coq8a","Coq8a","sgC9","sgNTC",0.00353063668673498,TRUE,610
"970","geneComp_00007797","Gipc2","Gipc2","sgC9","sgNTC",0.00365541021808052,TRUE,611
"971","geneComp_00016622","Lrr1","Lrr1","sgC9","sgNTC",0.00373558155971773,TRUE,612
"972","geneComp_00016069","Kctd9","Kctd9","sgC9","sgNTC",0.00382541196477106,TRUE,613
"973","geneComp_00018102","Nek1","Nek1","sgC9","sgNTC",0.00390813426357349,TRUE,614
"975","geneComp_00008586","Gm12976","Gm12976","sgC9","sgNTC",0.00391188179169683,TRUE,615
"977","geneComp_00019944","Pomt2","Pomt2","sgC9","sgNTC",0.0039572949663548,TRUE,616
"979","geneComp_00026201","Zmynd10","Zmynd10","sgC9","sgNTC",0.0039572949663548,TRUE,617
"980","geneComp_00022491","Slc3a2","Slc3a2","sgC9","sgNTC",0.00403666836549949,TRUE,618
"981","geneComp_00014790","Gstp2","Gstp2","sgC9","sgNTC",0.0040398287977126,TRUE,619
"982","geneComp_00019751","Plekhb1","Plekhb1","sgC9","sgNTC",0.00405200682165889,TRUE,620
"983","geneComp_00022574","Slc9a5","Slc9a5","sgC9","sgNTC",0.00408802885888495,TRUE,621
"985","geneComp_00020809","Rb1cc1","Rb1cc1","sgC9","sgNTC",0.00431145841163551,TRUE,622
"986","geneComp_00024844","Ube2d-ps","Ube2d-ps","sgC9","sgNTC",0.00432250380743838,FALSE,623
"987","geneComp_00014581","Gpatch8","Gpatch8","sgC9","sgNTC",0.00434970560023583,TRUE,624
"989","geneComp_00001339","Acp1","Acp1","sgC9","sgNTC",0.00435483102810771,FALSE,625
"990","geneComp_00020590","Qtrt2","Qtrt2","sgC9","sgNTC",0.00450458050900159,TRUE,626
"991","geneComp_00016248","Kmt2e","Kmt2e","sgC9","sgNTC",0.0045942091982407,TRUE,627
"993","geneComp_00020028","Ppme1","Ppme1","sgC9","sgNTC",0.00466612307568201,TRUE,628
"995","geneComp_00002273","Atad3a","Atad3a","sgC9","sgNTC",0.00467024134167,TRUE,629
"996","geneComp_00001556","Agap1","Agap1","sgC9","sgNTC",0.00484868019834083,TRUE,630
"998","geneComp_00005408","E130317F20Rik","E130317F20Rik","sgC9","sgNTC",0.00486104909407923,TRUE,631
"1000","geneComp_00014846","Guf1","Guf1","sgC9","sgNTC",0.00490395579702549,TRUE,632
"1002","geneComp_00022714","Smug1","Smug1","sgC9","sgNTC",0.00493858522044616,FALSE,633
"1003","geneComp_00025341","Vps37a","Vps37a","sgC9","sgNTC",0.00496288228102622,TRUE,634
"1004","geneComp_00004408","Crlf3","Crlf3","sgC9","sgNTC",0.00503005049941169,TRUE,635
"1005","geneComp_00022437","Slc35b2","Slc35b2","sgC9","sgNTC",0.00506902076664105,TRUE,636
"1006","geneComp_00004173","Coasy","Coasy","sgC9","sgNTC",0.00509166498260675,TRUE,637
"1008","geneComp_00014456","Gm9922","Gm9922","sgC9","sgNTC",0.00527424103213865,FALSE,638
"1010","geneComp_00002140","Arl2bp","Arl2bp","sgC9","sgNTC",0.00527665949792114,TRUE,639
"1011","geneComp_00016527","Lmbr1","Lmbr1","sgC9","sgNTC",0.005280652140956,TRUE,640
"1012","geneComp_00004272","Coq6","Coq6","sgC9","sgNTC",0.00532449746902892,TRUE,641
"1013","geneComp_00015588","Il11ra1","Il11ra1","sgC9","sgNTC",0.00532449746902892,TRUE,642
"1014","geneComp_00023585","Tbx3","Tbx3","sgC9","sgNTC",0.00532623897269172,TRUE,643
"1015","geneComp_00009973","Gm19605","Gm19605","sgC9","sgNTC",0.00537295085928822,TRUE,644
"1016","geneComp_00005026","Dicer1","Dicer1","sgC9","sgNTC",0.00548071901638945,TRUE,645
"1017","geneComp_00023173","Stab1","Stab1","sgC9","sgNTC",0.00553223954200004,TRUE,646
"1018","geneComp_00020991","Rgl1","Rgl1","sgC9","sgNTC",0.00556433618163367,FALSE,647
"1019","geneComp_00016963","Marchf8","Marchf8","sgC9","sgNTC",0.00565910565831413,TRUE,648
"1021","geneComp_00017941","Nat10","Nat10","sgC9","sgNTC",0.00578019436254329,TRUE,649
"1023","geneComp_00025153","Vgf","Vgf","sgC9","sgNTC",0.00579247298022544,TRUE,650
"1024","geneComp_00016701","Lsm11","Lsm11","sgC9","sgNTC",0.00580727642085055,TRUE,651
"1026","geneComp_00021281","Rpl14","Rpl14","sgC9","sgNTC",0.00580727642085055,TRUE,652
"1028","geneComp_00020552","Pxdn","Pxdn","sgC9","sgNTC",0.00590230229436419,TRUE,653
"1029","geneComp_00003736","Cep19","Cep19","sgC9","sgNTC",0.00612893724672608,FALSE,654
"1031","geneComp_00020861","Rbm6","Rbm6","sgC9","sgNTC",0.0061393476457365,TRUE,655
"1033","geneComp_00021909","Selenok","Selenok","sgC9","sgNTC",0.00614107389057601,FALSE,656
"1035","geneComp_00009739","Gm17501","Gm17501","sgC9","sgNTC",0.00615533463151078,TRUE,657
"1037","geneComp_00025098","Utp6","Utp6","sgC9","sgNTC",0.00620009325651481,TRUE,658
"1038","geneComp_00016482","Lima1","Lima1","sgC9","sgNTC",0.00662272601735599,TRUE,659
"1040","geneComp_00007645","Garin5a","Garin5a","sgC9","sgNTC",0.00687747057077823,TRUE,660
"1041","geneComp_00001866","Ankrd49","Ankrd49","sgC9","sgNTC",0.00717451978019845,TRUE,661
"1042","geneComp_00025491","Whrn","Whrn","sgC9","sgNTC",0.00718625950168586,TRUE,662
"1043","geneComp_00008477","Gm12602","Gm12602","sgC9","sgNTC",0.00721346494789469,TRUE,663
"1044","geneComp_00017484","Mpzl1","Mpzl1","sgC9","sgNTC",0.00736807630629118,TRUE,664
"1046","geneComp_00003930","Chtf18","Chtf18","sgC9","sgNTC",0.00742658923505835,FALSE,665
"1048","geneComp_00002252","Asph","Asph","sgC9","sgNTC",0.00751448437345406,TRUE,666
"1049","geneComp_00004973","Dgcr2","Dgcr2","sgC9","sgNTC",0.00752683581486851,FALSE,667
"1050","geneComp_00000923","8030462N17Rik","8030462N17Rik","sgC9","sgNTC",0.00754641540902066,FALSE,668
"1051","geneComp_00020006","Ppig","Ppig","sgC9","sgNTC",0.00756838106635968,TRUE,669
"1052","geneComp_00005243","Dph6","Dph6","sgC9","sgNTC",0.00757156717237992,TRUE,670
"1053","geneComp_00017074","Mdm4","Mdm4","sgC9","sgNTC",0.00762073660447013,TRUE,671
"1054","geneComp_00003241","Cbx4","Cbx4","sgC9","sgNTC",0.00789748003768551,TRUE,672
"1056","geneComp_00007768","Ggps1","Ggps1","sgC9","sgNTC",0.00790753543816906,TRUE,673
"1057","geneComp_00021853","Sdha","Sdha","sgC9","sgNTC",0.00795684107989275,TRUE,674
"1058","geneComp_00002899","Btbd8","Btbd8","sgC9","sgNTC",0.00807772139047551,TRUE,675
"1059","geneComp_00024885","Ubfd1","Ubfd1","sgC9","sgNTC",0.00811546334040046,TRUE,676
"1061","geneComp_00020776","Rasal2","Rasal2","sgC9","sgNTC",0.00817505406370874,TRUE,677
"1062","geneComp_00017136","Meis1","Meis1","sgC9","sgNTC",0.00826890734418461,TRUE,678
"1063","geneComp_00002240","Ash1l","Ash1l","sgC9","sgNTC",0.00840903114525555,FALSE,679
"1065","geneComp_00010652","Gm28036","Gm28036","sgC9","sgNTC",0.00842870077582985,TRUE,680
"1067","geneComp_00007132","Farp2","Farp2","sgC9","sgNTC",0.00852503764232457,TRUE,681
"1069","geneComp_00008719","Gm13387","Gm13387","sgC9","sgNTC",0.00870698127835852,TRUE,682
"1070","geneComp_00017716","Mtmr4","Mtmr4","sgC9","sgNTC",0.00870698127835852,TRUE,683
"1072","geneComp_00024996","Upk3bl","Upk3bl","sgC9","sgNTC",0.0087736606384661,FALSE,684
"1073","geneComp_00011334","Gm36033","Gm36033","sgC9","sgNTC",0.00879071027206906,FALSE,685
"1074","geneComp_00000042","1190007I07Rik","1190007I07Rik","sgC9","sgNTC",0.00887481828364171,TRUE,686
"1075","geneComp_00024010","Tmem147","Tmem147","sgC9","sgNTC",0.00888585385587687,TRUE,687
"1076","geneComp_00015251","Homer1","Homer1","sgC9","sgNTC",0.00889486803694779,FALSE,688
"1077","geneComp_00021481","Rps23","Rps23","sgC9","sgNTC",0.00902243766191836,TRUE,689
"1078","geneComp_00024332","Tor3a","Tor3a","sgC9","sgNTC",0.00904966611399713,TRUE,690
"1080","geneComp_00026265","Zyx","Zyx","sgC9","sgNTC",0.00906618558327121,TRUE,691
"1082","geneComp_00004785","Dalrd3","Dalrd3","sgC9","sgNTC",0.00915283899903097,TRUE,692
"1084","geneComp_00000812","4933434E20Rik","4933434E20Rik","sgC9","sgNTC",0.00921014314037426,TRUE,693
"1085","geneComp_00006741","Epc2","Epc2","sgC9","sgNTC",0.00928405556292848,TRUE,694
"1087","geneComp_00026017","Zfp74","Zfp74","sgC9","sgNTC",0.00931492835549375,TRUE,695
"1089","geneComp_00002900","Btbd9","Btbd9","sgC9","sgNTC",0.00934560525094043,TRUE,696
"1090","geneComp_00015457","Id3","Id3","sgC9","sgNTC",0.00934560525094043,FALSE,697
"1092","geneComp_00002981","C230037L18Rik","C230037L18Rik","sgC9","sgNTC",0.00937726160267534,TRUE,698
"1093","geneComp_00005691","Elp6","Elp6","sgC9","sgNTC",0.00958791515805419,TRUE,699
"1094","geneComp_00002484","B230217C12Rik","B230217C12Rik","sgC9","sgNTC",0.0096245723108059,TRUE,700
"1095","geneComp_00019564","Pigq","Pigq","sgC9","sgNTC",0.0096245723108059,TRUE,701
"1096","geneComp_00005639","Eif4g3","Eif4g3","sgC9","sgNTC",0.00963825339298612,FALSE,702
"1098","geneComp_00015907","Jmjd4","Jmjd4","sgC9","sgNTC",0.00967198731017079,FALSE,703
"1099","geneComp_00002603","Bbof1","Bbof1","sgC9","sgNTC",0.00972374798346208,TRUE,704
"1100","geneComp_00004406","Crlf1","Crlf1","sgC9","sgNTC",0.00974568353463375,TRUE,705
"1102","geneComp_00017172","Mettl25","Mettl25","sgC9","sgNTC",0.00975314083539728,TRUE,706
"1103","geneComp_00003316","Ccdc191","Ccdc191","sgC9","sgNTC",0.00989277888376597,FALSE,707
"1104","geneComp_00024168","Tmem80","Tmem80","sgC9","sgNTC",0.00991916481591735,TRUE,708
"1105","geneComp_00020110","Pradc1","Pradc1","sgC9","sgNTC",0.0099414348337241,TRUE,709
"1106","geneComp_00009416","Gm15987","Gm15987","sgC9","sgNTC",0.0100926106758586,TRUE,710
"1107","geneComp_00001635","Airn","Airn","sgC9","sgNTC",0.0103074170364198,TRUE,711
"1108","geneComp_00026226","Zrsr2","Zrsr2","sgC9","sgNTC",0.0105531517551997,FALSE,712
"1109","geneComp_00017164","Mettl17","Mettl17","sgC9","sgNTC",0.0106400944780386,TRUE,713
"1110","geneComp_00024584","Trpt1","Trpt1","sgC9","sgNTC",0.0108200458012067,TRUE,714
"1112","geneComp_00019988","Ppcdc","Ppcdc","sgC9","sgNTC",0.0109897399509025,TRUE,715
"1113","geneComp_00020183","Primpol","Primpol","sgC9","sgNTC",0.0110778577130147,TRUE,716
"1114","geneComp_00024350","Tpk1","Tpk1","sgC9","sgNTC",0.0110996221683778,TRUE,717
"1115","geneComp_00017871","N4bp2l1","N4bp2l1","sgC9","sgNTC",0.011130184161393,TRUE,718
"1116","geneComp_00022264","Slc10a7","Slc10a7","sgC9","sgNTC",0.0112144489571824,TRUE,719
"1118","geneComp_00020065","Ppp1r3f","Ppp1r3f","sgC9","sgNTC",0.0112154358746983,TRUE,720
"1119","geneComp_00005440","Eaf2","Eaf2","sgC9","sgNTC",0.0113369398480152,FALSE,721
"1120","geneComp_00015000","Haghl","Haghl","sgC9","sgNTC",0.011366465831579,TRUE,722
"1121","geneComp_00001447","Adamtsl4","Adamtsl4","sgC9","sgNTC",0.0114125781155362,FALSE,723
"1123","geneComp_00003143","Caprin2","Caprin2","sgC9","sgNTC",0.0114980182695572,TRUE,724
"1125","geneComp_00014822","Gtf3c6","Gtf3c6","sgC9","sgNTC",0.011552056901237,TRUE,725
"1126","geneComp_00002401","Atpsckmt","Atpsckmt","sgC9","sgNTC",0.0116066125823182,TRUE,726
"1127","geneComp_00004144","Cnppd1","Cnppd1","sgC9","sgNTC",0.0117246206222543,FALSE,727
"1129","geneComp_00012289","Gm45844","Gm45844","sgC9","sgNTC",0.0120960799746251,TRUE,728
"1130","geneComp_00017825","Myo19","Myo19","sgC9","sgNTC",0.0121390462927868,TRUE,729
"1131","geneComp_00019278","Pcyt2","Pcyt2","sgC9","sgNTC",0.0123002001325017,FALSE,730
"1132","geneComp_00010979","Gm30938","Gm30938","sgC9","sgNTC",0.0123130407827223,TRUE,731
"1134","geneComp_00008558","Gm12905","Gm12905","sgC9","sgNTC",0.0123201227341599,TRUE,732
"1135","geneComp_00020146","Prdm11","Prdm11","sgC9","sgNTC",0.0125033523860044,TRUE,733
"1137","geneComp_00016635","Lrrc27","Lrrc27","sgC9","sgNTC",0.0125440069354849,TRUE,734
"1138","geneComp_00021149","Rnf138","Rnf138","sgC9","sgNTC",0.012573057275878,TRUE,735
"1140","geneComp_00006039","ENSMUSG00000120369","ENSMUSG00000120369","sgC9","sgNTC",0.0126236680724527,TRUE,736
"1141","geneComp_00007127","Far1","Far1","sgC9","sgNTC",0.0126237970259591,FALSE,737
"1143","geneComp_00007361","Flna","Flna","sgC9","sgNTC",0.0126479158532118,TRUE,738
"1144","geneComp_00023791","Thada","Thada","sgC9","sgNTC",0.0126793833912205,TRUE,739
"1146","geneComp_00002399","Atpaf2","Atpaf2","sgC9","sgNTC",0.0128353489191125,TRUE,740
"1147","geneComp_00019022","P2rx7","P2rx7","sgC9","sgNTC",0.0128821962464107,TRUE,741
"1148","geneComp_00025647","Zbtb18","Zbtb18","sgC9","sgNTC",0.0129228694249792,TRUE,742
"1149","geneComp_00021642","Rusc2","Rusc2","sgC9","sgNTC",0.013125064324538,TRUE,743
"1150","geneComp_00000875","5830454E08Rik","5830454E08Rik","sgC9","sgNTC",0.013126401988182,FALSE,744
"1152","geneComp_00002595","Baz2b","Baz2b","sgC9","sgNTC",0.0132091603754602,TRUE,745
"1153","geneComp_00020648","Rab3il1","Rab3il1","sgC9","sgNTC",0.0135786756394894,TRUE,746
"1154","geneComp_00025566","Xpot","Xpot","sgC9","sgNTC",0.013618183928353,TRUE,747
"1156","geneComp_00015371","Hspa12a","Hspa12a","sgC9","sgNTC",0.0137930972646125,TRUE,748
"1158","geneComp_00006770","Epor","Epor","sgC9","sgNTC",0.0139694423408611,TRUE,749
"1160","geneComp_00017481","Mpv17l","Mpv17l","sgC9","sgNTC",0.0141396885780882,FALSE,750
"1161","geneComp_00006728","Ep300","Ep300","sgC9","sgNTC",0.0143311434425972,TRUE,751
"1163","geneComp_00017195","Mfap3","Mfap3","sgC9","sgNTC",0.0144466398963615,TRUE,752
"1164","geneComp_00019870","Poc1b","Poc1b","sgC9","sgNTC",0.0144557206464108,TRUE,753
"1166","geneComp_00020446","Ptgds","Ptgds","sgC9","sgNTC",0.0145487675493934,FALSE,754
"1167","geneComp_00001307","Acd","Acd","sgC9","sgNTC",0.0145635424827526,TRUE,755
"1168","geneComp_00020618","Rab21","Rab21","sgC9","sgNTC",0.0145850827297057,TRUE,756
"1170","geneComp_00020507","Ptprj","Ptprj","sgC9","sgNTC",0.0146477156280202,TRUE,757
"1172","geneComp_00018394","Nr2c2","Nr2c2","sgC9","sgNTC",0.014691617158441,TRUE,758
"1174","geneComp_00021061","Rigi","Rigi","sgC9","sgNTC",0.0149692938662701,TRUE,759
"1175","geneComp_00017629","Msi1","Msi1","sgC9","sgNTC",0.0151693242495419,TRUE,760
"1176","geneComp_00019424","Pfkfb4","Pfkfb4","sgC9","sgNTC",0.0151833763658356,TRUE,761
"1177","geneComp_00005277","Drc3","Drc3","sgC9","sgNTC",0.0152987187916946,TRUE,762
"1178","geneComp_00026183","Zkscan5","Zkscan5","sgC9","sgNTC",0.0152987187916946,FALSE,763
"1179","geneComp_00001985","Apobec1","Apobec1","sgC9","sgNTC",0.0153598607990373,TRUE,764
"1180","geneComp_00022362","Slc25a32","Slc25a32","sgC9","sgNTC",0.0155775352024237,TRUE,765
"1181","geneComp_00011101","Gm32618","Gm32618","sgC9","sgNTC",0.0155863798457375,TRUE,766
"1183","geneComp_00000235","1700112D23Rik","1700112D23Rik","sgC9","sgNTC",0.0157636294670141,TRUE,767
"1184","geneComp_00000439","2900052L18Rik","2900052L18Rik","sgC9","sgNTC",0.0157821900322154,FALSE,768
"1186","geneComp_00016277","Krt10","Krt10","sgC9","sgNTC",0.0158282741471033,TRUE,769
"1188","geneComp_00000858","5530601H04Rik","5530601H04Rik","sgC9","sgNTC",0.0159920199183418,TRUE,770
"1189","geneComp_00024003","Tmem138","Tmem138","sgC9","sgNTC",0.0160204274021599,TRUE,771
"1190","geneComp_00019137","Parp8","Parp8","sgC9","sgNTC",0.0161376216333118,TRUE,772
"1191","geneComp_00018176","Nfyb","Nfyb","sgC9","sgNTC",0.0161528889287784,TRUE,773
"1192","geneComp_00016062","Kctd20","Kctd20","sgC9","sgNTC",0.0162365591213255,FALSE,774
"1193","geneComp_00002842","Braf","Braf","sgC9","sgNTC",0.0162974587180682,TRUE,775
"1195","geneComp_00017621","Msantd2","Msantd2","sgC9","sgNTC",0.0165096644482564,TRUE,776
"1197","geneComp_00018213","Nipal1","Nipal1","sgC9","sgNTC",0.0168031705623479,TRUE,777
"1198","geneComp_00015878","Ivd","Ivd","sgC9","sgNTC",0.0169537303989888,TRUE,778
"1199","geneComp_00022120","Sh3bgr","Sh3bgr","sgC9","sgNTC",0.0169793260890943,TRUE,779
"1200","geneComp_00021764","Scai","Scai","sgC9","sgNTC",0.0170885164925487,TRUE,780
"1201","geneComp_00001884","Ankzf1","Ankzf1","sgC9","sgNTC",0.0171095624513036,TRUE,781
"1203","geneComp_00016523","Lman1","Lman1","sgC9","sgNTC",0.0172374273087085,FALSE,782
"1204","geneComp_00026073","Zfp87","Zfp87","sgC9","sgNTC",0.0172959730227243,TRUE,783
"1206","geneComp_00016050","Kctd1","Kctd1","sgC9","sgNTC",0.0176288870194732,TRUE,784
"1207","geneComp_00024674","Ttc21b","Ttc21b","sgC9","sgNTC",0.0176288870194732,TRUE,785
"1208","geneComp_00007529","Fuz","Fuz","sgC9","sgNTC",0.0178058226171288,TRUE,786
"1209","geneComp_00015569","Igsf8","Igsf8","sgC9","sgNTC",0.017821125875527,TRUE,787
"1211","geneComp_00002061","Arhgap17","Arhgap17","sgC9","sgNTC",0.0179351021969712,FALSE,788
"1212","geneComp_00016169","Klf13","Klf13","sgC9","sgNTC",0.018131084091826,TRUE,789
"1213","geneComp_00000283","2010001A14Rik","2010001A14Rik","sgC9","sgNTC",0.018169110109734,TRUE,790
"1214","geneComp_00003203","Catip","Catip","sgC9","sgNTC",0.0182041439373448,FALSE,791
"1216","geneComp_00021876","Sec16a","Sec16a","sgC9","sgNTC",0.0185107028433667,TRUE,792
"1217","geneComp_00015169","Hivep3","Hivep3","sgC9","sgNTC",0.0185286926099974,FALSE,793
"1218","geneComp_00025834","Zfp324","Zfp324","sgC9","sgNTC",0.0186207100472873,TRUE,794
"1219","geneComp_00023834","Thyn1","Thyn1","sgC9","sgNTC",0.0187228647814293,TRUE,795
"1221","geneComp_00000525","4921531C22Rik","4921531C22Rik","sgC9","sgNTC",0.0187793698095746,TRUE,796
"1222","geneComp_00019387","Pemt","Pemt","sgC9","sgNTC",0.0187793698095746,TRUE,797
"1223","geneComp_00017167","Mettl21a","Mettl21a","sgC9","sgNTC",0.0191854676198546,TRUE,798
"1224","geneComp_00004552","Ctu2","Ctu2","sgC9","sgNTC",0.0192186155926341,TRUE,799
"1226","geneComp_00001023","9930111J21Rik2","9930111J21Rik2","sgC9","sgNTC",0.0192280331773799,TRUE,800
"1228","geneComp_00018210","Nip7","Nip7","sgC9","sgNTC",0.0193342974311958,TRUE,801
"1230","geneComp_00020916","Rdm1","Rdm1","sgC9","sgNTC",0.0193342974311958,TRUE,802
"1232","geneComp_00016819","Maff","Maff","sgC9","sgNTC",0.0194302810144595,TRUE,803
"1234","geneComp_00024516","Trio","Trio","sgC9","sgNTC",0.0195796504576829,TRUE,804
"1235","geneComp_00019048","Pacs2","Pacs2","sgC9","sgNTC",0.0196091530172099,FALSE,805
"1236","geneComp_00015026","Haus6","Haus6","sgC9","sgNTC",0.0198215860678642,TRUE,806
"1237","geneComp_00023230","Stk19","Stk19","sgC9","sgNTC",0.0201061740702448,TRUE,807
"1239","geneComp_00015060","Hdac11","Hdac11","sgC9","sgNTC",0.0201896207320891,TRUE,808
"1240","geneComp_00017293","Minpp1","Minpp1","sgC9","sgNTC",0.0202352047367351,TRUE,809
"1242","geneComp_00004101","Cmtm3","Cmtm3","sgC9","sgNTC",0.020644084905138,TRUE,810
"1244","geneComp_00020433","Ptbp3","Ptbp3","sgC9","sgNTC",0.0208408722191462,FALSE,811
"1246","geneComp_00018550","Nupr1l","Nupr1l","sgC9","sgNTC",0.0210491814185661,TRUE,812
"1248","geneComp_00003610","Cdipt","Cdipt","sgC9","sgNTC",0.0210603642106146,TRUE,813
"1249","geneComp_00023240","Stk36","Stk36","sgC9","sgNTC",0.0211956759532884,TRUE,814
"1250","geneComp_00015541","Igf1r","Igf1r","sgC9","sgNTC",0.0212450269261723,TRUE,815
"1251","geneComp_00004074","Clpx","Clpx","sgC9","sgNTC",0.0213591290292946,FALSE,816
"1253","geneComp_00017442","Morn1","Morn1","sgC9","sgNTC",0.0214641085427378,TRUE,817
"1255","geneComp_00000405","2700097O09Rik","2700097O09Rik","sgC9","sgNTC",0.0215008305941222,TRUE,818
"1257","geneComp_00025873","Zfp40","Zfp40","sgC9","sgNTC",0.0216184319943668,FALSE,819
"1258","geneComp_00002189","Arrb1","Arrb1","sgC9","sgNTC",0.0219592122388185,TRUE,820
"1259","geneComp_00001103","A630001G21Rik","A630001G21Rik","sgC9","sgNTC",0.0223808951193104,TRUE,821
"1260","geneComp_00006172","ENSMUSG00000120574","ENSMUSG00000120574","sgC9","sgNTC",0.0225450480567884,TRUE,822
"1262","geneComp_00019634","Pja2","Pja2","sgC9","sgNTC",0.0229556172727249,FALSE,823
"1263","geneComp_00001152","A930015D03Rik","A930015D03Rik","sgC9","sgNTC",0.0232296111140514,FALSE,824
"1264","geneComp_00015123","Hexdc","Hexdc","sgC9","sgNTC",0.0234224269807841,TRUE,825
"1265","geneComp_00005508","Efcab11","Efcab11","sgC9","sgNTC",0.0241886351270933,TRUE,826
"1266","geneComp_00007186","Fbxo11","Fbxo11","sgC9","sgNTC",0.0243183416835896,TRUE,827
"1267","geneComp_00016904","Map3k20","Map3k20","sgC9","sgNTC",0.0243368378726968,TRUE,828
"1269","geneComp_00007070","Fam228b","Fam228b","sgC9","sgNTC",0.0243391295864302,TRUE,829
"1270","geneComp_00023893","Tle1","Tle1","sgC9","sgNTC",0.0243391295864302,TRUE,830
"1271","geneComp_00004057","Clk3","Clk3","sgC9","sgNTC",0.0245590766719434,TRUE,831
"1272","geneComp_00017728","Mtrf1l","Mtrf1l","sgC9","sgNTC",0.0245940515147542,TRUE,832
"1273","geneComp_00023621","Tcf7l2","Tcf7l2","sgC9","sgNTC",0.0247032138214266,TRUE,833
"1275","geneComp_00014762","Gsg1","Gsg1","sgC9","sgNTC",0.024770059192772,FALSE,834
"1276","geneComp_00002938","C030014I23Rik","C030014I23Rik","sgC9","sgNTC",0.0250504552746461,FALSE,835
"1278","geneComp_00024807","Tyw3","Tyw3","sgC9","sgNTC",0.0250504552746461,TRUE,836
"1279","geneComp_00003624","Cdk2","Cdk2","sgC9","sgNTC",0.0255863083759885,TRUE,837
"1281","geneComp_00020863","Rbm7","Rbm7","sgC9","sgNTC",0.0256080335128144,TRUE,838
"1282","geneComp_00005334","Dusp2","Dusp2","sgC9","sgNTC",0.0258970505353452,TRUE,839
"1284","geneComp_00004668","Cyp4f41-ps","Cyp4f41-ps","sgC9","sgNTC",0.0259547906130412,TRUE,840
"1285","geneComp_00025578","Xylb","Xylb","sgC9","sgNTC",0.0261037585596179,TRUE,841
"1286","geneComp_00024235","Tnfrsf13c","Tnfrsf13c","sgC9","sgNTC",0.0261764677218606,FALSE,842
"1287","geneComp_00007750","Gfod2","Gfod2","sgC9","sgNTC",0.0262164529918715,TRUE,843
"1288","geneComp_00025956","Zfp606","Zfp606","sgC9","sgNTC",0.0263167779608376,FALSE,844
"1290","geneComp_00019847","Pnkp","Pnkp","sgC9","sgNTC",0.0270986549306286,FALSE,845
"1291","geneComp_00022808","Sntb2","Sntb2","sgC9","sgNTC",0.0272112745333453,FALSE,846
"1293","geneComp_00001399","Acy3","Acy3","sgC9","sgNTC",0.0272248386186363,FALSE,847
"1294","geneComp_00007689","Gbp7","Gbp7","sgC9","sgNTC",0.0276289417170662,FALSE,848
"1296","geneComp_00018093","Nedd8","Nedd8","sgC9","sgNTC",0.0276289417170662,TRUE,849
"1297","geneComp_00026168","Zgpat","Zgpat","sgC9","sgNTC",0.0277092419703553,TRUE,850
"1298","geneComp_00018046","Ndufaf4","Ndufaf4","sgC9","sgNTC",0.0277343735787902,TRUE,851
"1299","geneComp_00004867","Ddb2","Ddb2","sgC9","sgNTC",0.0277403524652637,TRUE,852
"1300","geneComp_00001547","Aff4","Aff4","sgC9","sgNTC",0.027898569264678,TRUE,853
"1301","geneComp_00004227","Col9a3","Col9a3","sgC9","sgNTC",0.0280069983411475,TRUE,854
"1302","geneComp_00006974","Faf2","Faf2","sgC9","sgNTC",0.0280731231850176,TRUE,855
"1303","geneComp_00023981","Tmem116","Tmem116","sgC9","sgNTC",0.0282245820442832,TRUE,856
"1304","geneComp_00002794","Bmp2k","Bmp2k","sgC9","sgNTC",0.0283789289204033,TRUE,857
"1306","geneComp_00004713","D16Ertd472e","D16Ertd472e","sgC9","sgNTC",0.0288678206450782,FALSE,858
"1307","geneComp_00017094","Med13l","Med13l","sgC9","sgNTC",0.0291516842561369,FALSE,859
"1308","geneComp_00022177","Shox2","Shox2","sgC9","sgNTC",0.0293099941788617,TRUE,860
"1309","geneComp_00023490","Tanc1","Tanc1","sgC9","sgNTC",0.0293242851888403,FALSE,861
"1310","geneComp_00023273","Strn","Strn","sgC9","sgNTC",0.0294691740127119,TRUE,862
"1312","geneComp_00002581","Banp","Banp","sgC9","sgNTC",0.029603386878709,TRUE,863
"1314","geneComp_00024043","Tmem179","Tmem179","sgC9","sgNTC",0.0298777668786925,TRUE,864
"1316","geneComp_00024561","Trp53rkb","Trp53rkb","sgC9","sgNTC",0.0300312664316113,TRUE,865
"1317","geneComp_00022466","Slc37a4","Slc37a4","sgC9","sgNTC",0.0302434008284313,FALSE,866
"1318","geneComp_00021104","Rmdn2","Rmdn2","sgC9","sgNTC",0.0303808291823823,TRUE,867
"1319","geneComp_00022781","Snord3b1","Snord3b1","sgC9","sgNTC",0.030507683452283,FALSE,868
"1320","geneComp_00003519","Cd59b","Cd59b","sgC9","sgNTC",0.0309942945945109,TRUE,869
"1321","geneComp_00007123","Fancl","Fancl","sgC9","sgNTC",0.0310560723123508,FALSE,870
"1322","geneComp_00018170","Nfrkb","Nfrkb","sgC9","sgNTC",0.0318168404217946,TRUE,871
"1323","geneComp_00017564","Mrpl48","Mrpl48","sgC9","sgNTC",0.0319243695538957,TRUE,872
"1324","geneComp_00019175","Pbx4","Pbx4","sgC9","sgNTC",0.0319925467481652,TRUE,873
"1325","geneComp_00004815","Dcaf11","Dcaf11","sgC9","sgNTC",0.0319936456507478,TRUE,874
"1326","geneComp_00026202","Zmynd11","Zmynd11","sgC9","sgNTC",0.0323859843232202,TRUE,875
"1327","geneComp_00000427","2810414N06Rik","2810414N06Rik","sgC9","sgNTC",0.0323963531780114,TRUE,876
"1329","geneComp_00003061","Cacnb3","Cacnb3","sgC9","sgNTC",0.0326479003115122,FALSE,877
"1330","geneComp_00025694","Zc3h4","Zc3h4","sgC9","sgNTC",0.0326479003115122,TRUE,878
"1332","geneComp_00007116","Fancc","Fancc","sgC9","sgNTC",0.0329270853941877,TRUE,879
"1333","geneComp_00025990","Zfp668","Zfp668","sgC9","sgNTC",0.0329346697496496,FALSE,880
"1334","geneComp_00024583","Trps1","Trps1","sgC9","sgNTC",0.0331331564752077,FALSE,881
"1335","geneComp_00024107","Tmem254","Tmem254","sgC9","sgNTC",0.0332589918464227,TRUE,882
"1336","geneComp_00015165","Hira","Hira","sgC9","sgNTC",0.0332643643558724,TRUE,883
"1337","geneComp_00007566","G6pc3","G6pc3","sgC9","sgNTC",0.0333182811773513,FALSE,884
"1339","geneComp_00005391","E030030I06Rik","E030030I06Rik","sgC9","sgNTC",0.0335710149911234,FALSE,885
"1340","geneComp_00003353","Ccdc74a","Ccdc74a","sgC9","sgNTC",0.0338967586192934,TRUE,886
"1341","geneComp_00006777","Eps8l1","Eps8l1","sgC9","sgNTC",0.0341054149445705,TRUE,887
"1342","geneComp_00008596","Gm12999","Gm12999","sgC9","sgNTC",0.0342575030983681,TRUE,888
"1344","geneComp_00020431","Ptbp1","Ptbp1","sgC9","sgNTC",0.0344393128151783,TRUE,889
"1345","geneComp_00018003","Ncoa7","Ncoa7","sgC9","sgNTC",0.0346334966811562,FALSE,890
"1346","geneComp_00020345","Prx","Prx","sgC9","sgNTC",0.0348102280762727,FALSE,891
"1347","geneComp_00003711","Cenpl","Cenpl","sgC9","sgNTC",0.035388354807591,TRUE,892
"1348","geneComp_00015155","Hinfp","Hinfp","sgC9","sgNTC",0.0356402245617569,TRUE,893
"1349","geneComp_00016559","Lnx2","Lnx2","sgC9","sgNTC",0.0358286183607875,TRUE,894
"1350","geneComp_00024966","Unc13a","Unc13a","sgC9","sgNTC",0.0358286183607875,TRUE,895
"1351","geneComp_00014815","Gtf2ird2","Gtf2ird2","sgC9","sgNTC",0.0360921033997005,TRUE,896
"1352","geneComp_00024900","Ubr2","Ubr2","sgC9","sgNTC",0.0361350625789167,FALSE,897
"1353","geneComp_00003751","Cep68","Cep68","sgC9","sgNTC",0.0365591781855375,TRUE,898
"1354","geneComp_00020881","Rbsn","Rbsn","sgC9","sgNTC",0.0370572667169904,TRUE,899
"1355","geneComp_00004565","Cul5","Cul5","sgC9","sgNTC",0.037201558727873,TRUE,900
"1357","geneComp_00023048","Spsb3","Spsb3","sgC9","sgNTC",0.0372188260151767,TRUE,901
"1358","geneComp_00025683","Zc3h10","Zc3h10","sgC9","sgNTC",0.037239048002271,TRUE,902
"1359","geneComp_00018642","Ogt","Ogt","sgC9","sgNTC",0.0373355356699643,TRUE,903
"1360","geneComp_00000357","2410004B18Rik","2410004B18Rik","sgC9","sgNTC",0.03749873364348,TRUE,904
"1361","geneComp_00007773","Ggta1","Ggta1","sgC9","sgNTC",0.0377296757239998,FALSE,905
"1362","geneComp_00000149","1700029J07Rik","1700029J07Rik","sgC9","sgNTC",0.0378139157752016,TRUE,906
"1363","geneComp_00018566","Nxpe4","Nxpe4","sgC9","sgNTC",0.0379093116893963,FALSE,907
"1364","geneComp_00022146","Shank2","Shank2","sgC9","sgNTC",0.0380181521150559,TRUE,908
"1365","geneComp_00023778","Tgif2","Tgif2","sgC9","sgNTC",0.0380412589376226,TRUE,909
"1366","geneComp_00019299","Pde2a","Pde2a","sgC9","sgNTC",0.0380653945906228,FALSE,910
"1367","geneComp_00001676","Akr1c18","Akr1c18","sgC9","sgNTC",0.0381895771447003,FALSE,911
"1369","geneComp_00026093","Zfp938","Zfp938","sgC9","sgNTC",0.0387938136380171,FALSE,912
"1370","geneComp_00018167","Nfkbie","Nfkbie","sgC9","sgNTC",0.0389270806494419,FALSE,913
"1371","geneComp_00019551","Piga","Piga","sgC9","sgNTC",0.0389270806494419,TRUE,914
"1372","geneComp_00017086","Mecp2","Mecp2","sgC9","sgNTC",0.0392293507415056,FALSE,915
"1373","geneComp_00016478","Lig4","Lig4","sgC9","sgNTC",0.0395780604979105,FALSE,916
"1375","geneComp_00022343","Slc25a14","Slc25a14","sgC9","sgNTC",0.039747624501347,TRUE,917
"1376","geneComp_00001172","AA467197","AA467197","sgC9","sgNTC",0.039855866433346,TRUE,918
"1378","geneComp_00004997","Dhrs13","Dhrs13","sgC9","sgNTC",0.0400519809631045,TRUE,919
"1379","geneComp_00017730","Mtrr","Mtrr","sgC9","sgNTC",0.0407745082112556,TRUE,920
"1380","geneComp_00003738","Cep20","Cep20","sgC9","sgNTC",0.0409002339014869,TRUE,921
"1382","geneComp_00007046","Fam193b","Fam193b","sgC9","sgNTC",0.0414896286161828,FALSE,922
"1383","geneComp_00021361","Rpl35","Rpl35","sgC9","sgNTC",0.0417886057156305,TRUE,923
"1385","geneComp_00018584","Oas1g","Oas1g","sgC9","sgNTC",0.0420480103396767,TRUE,924
"1386","geneComp_00024008","Tmem144","Tmem144","sgC9","sgNTC",0.0421982707031686,FALSE,925
"1387","geneComp_00002604","Bbs1","Bbs1","sgC9","sgNTC",0.0422936435023489,TRUE,926
"1388","geneComp_00024923","Uck2","Uck2","sgC9","sgNTC",0.0424666938909854,TRUE,927
"1389","geneComp_00012902","Gm49164","Gm49164","sgC9","sgNTC",0.0426594646656101,FALSE,928
"1390","geneComp_00016917","Map4k3","Map4k3","sgC9","sgNTC",0.0427205655626891,FALSE,929
"1391","geneComp_00025117","Vangl2","Vangl2","sgC9","sgNTC",0.0432289173555963,FALSE,930
"1392","geneComp_00015281","Hoxb3os","Hoxb3os","sgC9","sgNTC",0.0432990845523382,TRUE,931
"1393","geneComp_00021208","Rnf8","Rnf8","sgC9","sgNTC",0.0433500158768958,TRUE,932
"1394","geneComp_00023397","Synj2","Synj2","sgC9","sgNTC",0.0437663820878442,FALSE,933
"1395","geneComp_00005533","Efna5","Efna5","sgC9","sgNTC",0.0438396494495043,TRUE,934
"1396","geneComp_00019657","Pknox2","Pknox2","sgC9","sgNTC",0.0438401841467029,TRUE,935
"1397","geneComp_00000635","4930522L14Rik","4930522L14Rik","sgC9","sgNTC",0.0444162298525972,TRUE,936
"1398","geneComp_00020725","Ralgds","Ralgds","sgC9","sgNTC",0.044749181348626,FALSE,937
"1399","geneComp_00024055","Tmem185b","Tmem185b","sgC9","sgNTC",0.0447495986851164,TRUE,938
"1400","geneComp_00024867","Ube2q1","Ube2q1","sgC9","sgNTC",0.044895006264824,TRUE,939
"1402","geneComp_00015516","Ifngr2","Ifngr2","sgC9","sgNTC",0.0451349058515801,TRUE,940
"1404","geneComp_00022518","Slc4a4","Slc4a4","sgC9","sgNTC",0.045838727921358,FALSE,941
"1405","geneComp_00013489","Gm55594","Gm55594","sgC9","sgNTC",0.0461203828038887,TRUE,942
"1406","geneComp_00025727","Zdhhc20","Zdhhc20","sgC9","sgNTC",0.0463200089049382,TRUE,943
"1408","geneComp_00015102","Hemk1","Hemk1","sgC9","sgNTC",0.0467019196837849,TRUE,944
"1409","geneComp_00010537","Gm26740","Gm26740","sgC9","sgNTC",0.0468783318387444,TRUE,945
"1410","geneComp_00019622","Pitpnb","Pitpnb","sgC9","sgNTC",0.0471134023963936,FALSE,946
"1411","geneComp_00005169","Dnajc5","Dnajc5","sgC9","sgNTC",0.0472814694243925,TRUE,947
"1412","geneComp_00005747","Enpp3","Enpp3","sgC9","sgNTC",0.04761014598643,TRUE,948
"1413","geneComp_00001022","9930111J21Rik1","9930111J21Rik1","sgC9","sgNTC",0.0476183256890067,TRUE,949
"1414","geneComp_00020554","Pxmp2","Pxmp2","sgC9","sgNTC",0.0476220288681728,TRUE,950
"1415","geneComp_00000271","1810034E14Rik","1810034E14Rik","sgC9","sgNTC",0.0483153610682795,FALSE,951
"1416","geneComp_00006625","ENSMUSG00000121319","ENSMUSG00000121319","sgC9","sgNTC",0.0484507388326583,TRUE,952
"1418","geneComp_00019007","Oxct1","Oxct1","sgC9","sgNTC",0.0485917860099137,TRUE,953
"1419","geneComp_00019905","Polq","Polq","sgC9","sgNTC",0.0490805472397856,TRUE,954
"1420","geneComp_00018152","Nfatc4","Nfatc4","sgC9","sgNTC",0.0491943045500351,TRUE,955
"1421","geneComp_00025666","Zbtb43","Zbtb43","sgC9","sgNTC",0.049225566851981,FALSE,956
"1422","geneComp_00017066","Mdga1","Mdga1","sgC9","sgNTC",0.0494575558671254,TRUE,957
"1423","geneComp_00004727","D430040D24Rik","D430040D24Rik","sgC9","sgNTC",0.0496257501482317,TRUE,958
"1424","geneComp_00008967","Gm14295","Gm14295","sgC9","sgNTC",0.0498782957814904,TRUE,959
